Rk,Squad,Comp,# Pl,Age,Poss,MP,Starts,Min,90s,Gls,Ast,G+A,G-PK,PK,PKatt,CrdY,CrdR,xG,npxG,xAG,npxG+xAG,PrgC,PrgP,Gls.1,Ast.1,G+A.1,G-PK.1,G+A-PK,xG.1,xAG.1,xG+xAG,npxG.1,npxG+xAG.1,Season,Rk_against,Comp_against,# Pl_against,Age_against,Poss_against,MP_against,Starts_against,Min_against,90s_against,Gls_against,Ast_against,G+A_against,G-PK_against,PK_against,PKatt_against,CrdY_against,CrdR_against,xG_against,npxG_against,xAG_against,npxG+xAG_against,PrgC_against,PrgP_against,Gls.1_against,Ast.1_against,G+A.1_against,G-PK.1_against,G+A-PK_against,xG.1_against,xAG.1_against,xG+xAG_against,npxG.1_against,npxG+xAG.1_against,Season_against,Squad_Season,Sh,SoT,SoT%,Sh/90,SoT/90,G/Sh,G/SoT,Dist,FK,npxG/Sh,G-xG,np:G-xG,Sh_against,SoT_against,SoT%_against,Sh/90_against,SoT/90_against,G/Sh_against,G/SoT_against,Dist_against,FK_against,npxG/Sh_against,G-xG_against,np:G-xG_against,Cmp,Att,Cmp%,TotDist,PrgDist,Cmp.1,Att.1,Cmp%.1,Cmp.2,Att.2,Cmp%.2,Cmp.3,Att.3,Cmp%.3,xA,A-xAG,KP,1/3,PPA,CrsPA,Cmp_against,Att_against,Cmp%_against,TotDist_against,PrgDist_against,Cmp.1_against,Att.1_against,Cmp%.1_against,Cmp.2_against,Att.2_against,Cmp%.2_against,Cmp.3_against,Att.3_against,Cmp%.3_against,xA_against,A-xAG_against,KP_against,1/3_against,PPA_against,CrsPA_against,Live,Dead,TB,Sw,Crs,TI,CK,In,Out,Str,Off,Blocks,Live_against,Dead_against,TB_against,Sw_against,Crs_against,TI_against,CK_against,In_against,Out_against,Str_against,Off_against,Blocks_against,SCA,SCA90,PassLive,PassDead,TO,Fld,Def,GCA,GCA90,PassLive.1,PassDead.1,TO.1,Sh.1,Fld.1,Def.1,SCA_against,SCA90_against,PassLive_against,PassDead_against,TO_against,Fld_against,Def_against,GCA_against,GCA90_against,PassLive.1_against,PassDead.1_against,TO.1_against,Sh.1_against,Fld.1_against,Def.1_against,Tkl,TklW,Def 3rd,Mid 3rd,Att 3rd,Tkl.1,Tkl%,Lost,Pass,Int,Tkl+Int,Clr,Err,Tkl_against,TklW_against,Def 3rd_against,Mid 3rd_against,Att 3rd_against,Tkl.1_against,Tkl%_against,Lost_against,Pass_against,Int_against,Tkl+Int_against,Clr_against,Err_against,Touches,Def Pen,Att Pen,Succ,Succ%,Tkld,Tkld%,Carries,CPA,Mis,Dis,Rec,PrgR,Touches_against,Def Pen_against,Att Pen_against,Succ_against,Succ%_against,Tkld_against,Tkld%_against,Carries_against,CPA_against,Mis_against,Dis_against,Rec_against,PrgR_against,Mn/MP,Min%,Mn/Start,Compl,Subs,Mn/Sub,unSub,PPM,onG,onGA,+/-,+/-90,onxG,onxGA,xG+/-,xG+/-90,Mn/MP_against,Min%_against,Mn/Start_against,Compl_against,Subs_against,Mn/Sub_against,unSub_against,PPM_against,onG_against,onGA_against,+/-_against,+/-90_against,onxG_against,onxGA_against,xG+/-_against,xG+/-90_against,2CrdY,Fls,PKwon,PKcon,OG,Recov,Won,Won%,2CrdY_against,Fls_against,PKwon_against,PKcon_against,OG_against,Recov_against,Won_against,Won%_against
1,Alavés,es La Liga,17,27.1,44.5,2,22,180,2.0,4,4,8,4,0,0,3,0,2.1,2.1,1.8,3.9,25,67,2.0,2.0,4.0,2.0,4.0,1.05,0.92,1.97,1.05,1.97,2024,1,es La Liga,17,30.0,55.5,2,22,180,2.0,3,2,5,3,0,0,5,1,1.3,1.3,0.7,2.0,28,61,1.5,1.0,2.5,1.5,2.5,0.65,0.36,1.01,0.65,1.01,2024,Alavés_2024,24,9,37.5,12.0,4.5,0.17,0.44,18.6,1,0.09,1.9,1.9,24,5,20.8,12.0,2.5,0.13,0.6,20.9,3,0.05,1.7,1.7,496,730,67.9,9549,4120,213,272,78.3,187,262,71.4,80,152,52.6,1.4,2.2,20,46,15,7,726,955,76.0,13156,4598,304,358,84.9,329,402,81.8,73,152,48.0,1.4,1.3,16,51,6,1,619,109,1,10,44,44,8,1,1,0,2,12,845,107,2,10,40,51,6,2,3,0,3,9,43,21.5,33,2,3,3,0,8,4.0,7,0,1,0,0,0,43,21.5,22,8,5,5,0,6,3.0,2,1,2,0,1,0,26,15,14,11,1,8,28.6,20,7,13,39,41,0,27,18,9,14,4,10,47.6,11,8,13,40,41,0,921,92,32,11,50.0,10,45.5,395,4,29,17,491,67,1149,100,28,20,69.0,8,27.6,644,5,36,18,723,61,90,100,82,12,10,18,13,1.5,4,4,0,0.0,2.1,1.3,0.8,0.4,90,100,82,12,10,18,14,1.5,4,4,0,0.0,1.3,2.1,-0.8,-0.4,0,29,0,0,1,102,42,53.2,0,32,0,0,0,97,37,46.8
2,Almería,es La Liga,20,25.9,51.5,2,22,180,2.0,1,1,2,1,0,0,2,0,2.7,2.7,2.4,5.1,42,73,0.5,0.5,1.0,0.5,1.0,1.35,1.22,2.57,1.35,2.57,2024,2,es La Liga,20,28.6,48.5,2,22,180,2.0,5,2,7,3,2,2,3,0,4.1,2.5,2.0,4.6,42,73,2.5,1.0,3.5,1.5,2.5,2.06,1.01,3.07,1.27,2.28,2024,Almería_2024,39,13,33.3,19.5,6.5,0.03,0.08,18.5,0,0.07,-1.7,-1.7,33,11,33.3,16.5,5.5,0.09,0.27,18.2,2,0.08,0.9,0.5,842,1003,83.9,15373,5423,377,416,90.6,347,399,87.0,97,148,65.5,2.0,-1.4,33,55,21,10,816,976,83.6,13165,4649,452,490,92.2,261,302,86.4,75,131,57.3,2.1,0.0,27,76,20,5,895,106,2,12,52,29,12,2,7,0,2,9,884,87,1,13,34,33,8,1,6,0,5,12,69,34.5,50,5,7,1,1,2,1.0,2,0,0,0,0,0,63,31.5,49,4,2,4,1,8,4.0,5,1,0,1,1,0,34,20,20,9,5,19,54.3,16,12,15,49,34,1,33,18,21,8,4,24,53.3,21,6,20,53,48,0,1237,140,47,21,42.0,24,48.0,787,7,25,9,831,70,1194,130,58,16,43.2,19,51.4,766,15,19,15,814,73,90,100,82,12,10,18,14,0.0,1,5,-4,-2.0,2.7,4.1,-1.4,-0.71,90,100,82,12,10,18,10,3.0,5,1,4,2.0,4.1,2.7,1.4,0.71,0,26,0,2,0,84,21,44.7,0,38,1,0,0,78,26,55.3
3,Arsenal,eng Premier League,17,24.7,65.5,2,22,180,2.0,3,2,5,2,1,1,5,1,2.8,2.0,1.5,3.6,55,98,1.5,1.0,2.5,1.0,2.0,1.42,0.76,2.18,1.02,1.78,2024,3,eng Premier League,17,27.0,34.5,2,22,180,2.0,1,1,2,1,0,0,4,0,2.2,2.2,1.9,4.1,28,60,0.5,0.5,1.0,0.5,1.0,1.09,0.94,2.03,1.09,2.03,2024,Arsenal_2024,28,9,32.1,14.0,4.5,0.07,0.22,17.8,0,0.07,0.2,0.0,20,4,20.0,10.0,2.0,0.05,0.25,16.7,1,0.11,-1.2,-1.2,1152,1334,86.4,18848,5366,589,637,92.5,470,521,90.2,73,126,57.9,1.6,0.5,21,107,26,3,546,699,78.1,10344,3991,242,276,87.7,231,270,85.6,64,120,53.3,1.7,-0.9,15,55,12,1,1243,87,8,4,35,28,16,16,0,0,4,12,627,71,3,4,27,26,4,3,1,0,1,12,56,28.0,45,4,3,2,0,6,3.0,3,1,1,0,1,0,35,17.5,23,2,2,3,2,2,1.0,2,0,0,0,0,0,33,22,13,16,4,17,50.0,17,11,15,48,27,0,31,20,20,7,4,14,58.3,10,8,13,44,37,0,1529,104,61,10,31.3,14,43.8,1101,14,18,17,1144,98,910,124,40,17,40.5,17,40.5,476,9,25,16,539,59,90,100,84,14,7,14,11,3.0,3,1,2,1.0,2.8,2.2,0.7,0.33,90,100,84,14,7,14,10,0.0,1,3,-2,-1.0,2.2,2.8,-0.7,-0.33,1,22,1,0,0,92,25,42.4,0,26,0,1,0,77,34,57.6
4,Aston Villa,eng Premier League,18,27.0,54.0,2,22,180,2.0,5,2,7,4,1,1,7,0,4.7,4.0,2.4,6.4,45,77,2.5,1.0,3.5,2.0,3.0,2.34,1.2,3.53,1.98,3.18,2024,4,eng Premier League,18,27.8,46.0,2,22,180,2.0,5,4,9,5,0,0,8,0,4.0,4.0,3.8,7.7,31,56,2.5,2.0,4.5,2.5,4.5,1.98,1.88,3.86,1.98,3.86,2024,Aston Villa_2024,28,12,42.9,14.0,6.0,0.14,0.33,16.2,1,0.15,0.3,0.0,26,14,53.8,13.0,7.0,0.19,0.36,13.7,0,0.16,1.0,1.0,939,1090,86.1,15333,5201,436,484,90.1,419,453,92.5,55,94,58.5,2.4,-0.4,23,57,18,2,763,935,81.6,13274,4626,355,386,92.0,329,375,87.7,65,135,48.1,2.6,0.2,21,52,12,2,994,95,9,7,28,38,12,2,3,0,1,19,843,89,6,7,29,30,12,5,5,0,3,13,53,26.5,36,6,3,3,1,7,3.5,4,0,1,1,1,0,45,22.5,32,5,3,1,0,10,5.0,8,0,2,0,0,0,22,15,12,7,3,7,30.4,16,12,9,31,32,1,30,19,17,10,3,13,35.1,24,15,13,43,25,2,1286,141,39,24,50.0,13,27.1,837,5,32,17,930,77,1125,108,51,16,55.2,7,24.1,745,11,30,15,757,55,90,100,79,13,10,24,8,1.5,5,5,0,0.0,4.7,4.0,0.7,0.35,90,100,79,13,10,24,9,1.5,5,5,0,0.0,4.0,4.7,-0.7,-0.35,0,25,1,0,0,92,15,53.6,0,24,0,1,0,99,13,46.4
5,Atalanta,it Serie A,16,27.0,51.0,1,11,90,1.0,2,2,4,2,0,0,0,0,1.3,1.3,0.9,2.2,24,52,2.0,2.0,4.0,2.0,4.0,1.32,0.93,2.24,1.32,2.24,2024,5,it Serie A,16,26.4,49.0,1,11,90,1.0,0,0,0,0,0,0,0,0,0.4,0.4,0.4,0.9,18,31,0.0,0.0,0.0,0.0,0.0,0.44,0.42,0.86,0.44,0.86,2024,Atalanta_2024,16,4,25.0,16.0,4.0,0.13,0.5,17.1,0,0.08,0.7,0.7,11,3,27.3,11.0,3.0,0.0,0.0,23.0,0,0.04,-0.4,-0.4,446,536,83.2,8028,2504,190,209,90.9,198,220,90.0,49,82,59.8,1.0,1.1,9,34,11,2,445,522,85.2,7478,2841,204,213,95.8,178,203,87.7,42,69,60.9,0.5,-0.4,10,34,5,1,498,36,1,7,29,17,7,1,5,0,2,11,469,53,1,3,14,12,7,5,1,0,0,12,28,28.0,24,2,2,0,0,4,4.0,3,1,0,0,0,0,21,21.0,17,2,1,0,0,0,0.0,0,0,0,0,0,0,13,7,8,3,2,8,36.4,14,9,9,22,12,0,10,6,5,5,0,2,13.3,13,8,12,22,20,0,623,52,28,13,86.7,2,13.3,344,7,10,8,438,50,621,98,14,14,63.6,8,36.4,389,5,12,5,436,31,90,100,77,6,5,28,6,3.0,2,0,2,2.0,1.3,0.4,0.9,0.88,90,100,77,6,5,28,6,0.0,0,2,-2,-2.0,0.4,1.3,-0.9,-0.88,0,13,0,0,0,49,8,47.1,0,9,0,0,0,40,9,52.9
6,Athletic Club,es La Liga,18,27.2,41.5,2,22,180,2.0,2,2,4,2,0,0,8,1,2.0,2.0,1.7,3.7,27,64,1.0,1.0,2.0,1.0,2.0,0.98,0.86,1.84,0.98,1.84,2024,6,es La Liga,18,27.3,58.5,2,22,180,2.0,2,2,4,2,0,0,2,1,2.3,2.3,1.8,4.0,45,109,1.0,1.0,2.0,1.0,2.0,1.13,0.89,2.01,1.13,2.01,2024,Athletic Club_2024,15,3,20.0,7.5,1.5,0.13,0.67,15.7,1,0.13,0.0,0.0,32,15,46.9,16.0,7.5,0.06,0.13,17.0,4,0.07,-0.3,-0.3,702,913,76.9,11972,4464,339,376,90.2,285,335,85.1,62,152,40.8,1.9,0.3,11,60,12,3,1030,1247,82.6,18716,6416,462,504,91.7,433,492,88.0,116,199,58.3,2.5,0.2,21,93,23,6,825,86,0,7,43,36,10,3,5,0,2,18,1136,107,6,16,48,43,10,6,3,0,4,14,25,12.5,19,2,1,2,1,4,2.0,3,0,1,0,0,0,62,31.0,41,6,2,5,3,4,2.0,2,1,0,1,0,0,38,20,21,14,3,24,63.2,14,10,18,56,53,0,38,23,17,19,2,16,59.3,11,15,25,63,34,1,1153,148,22,11,37.9,16,55.2,666,8,32,22,700,64,1487,137,57,14,35.9,24,61.5,917,9,33,14,1019,108,90,100,75,11,10,31,14,1.5,2,2,0,0.0,2.0,2.3,-0.3,-0.15,90,100,75,11,10,31,14,1.5,2,2,0,0.0,2.3,2.0,0.3,0.15,1,32,0,0,0,112,24,45.3,0,15,0,0,0,111,29,54.7
7,Atlético Madrid,es La Liga,19,29.8,46.5,2,22,180,2.0,3,1,4,3,0,0,4,0,2.9,2.9,2.2,5.1,37,89,1.5,0.5,2.0,1.5,2.0,1.44,1.12,2.56,1.44,2.56,2024,7,es La Liga,19,28.1,53.5,2,22,180,2.0,1,1,2,1,0,0,3,0,1.7,1.7,1.4,3.1,32,57,0.5,0.5,1.0,0.5,1.0,0.84,0.72,1.56,0.84,1.56,2024,Atlético Madrid_2024,19,7,36.8,9.5,3.5,0.16,0.43,14.2,0,0.15,0.1,0.1,21,4,19.0,10.5,2.0,0.05,0.25,16.1,0,0.08,-0.7,-0.7,824,1005,82.0,13740,5003,429,483,88.8,294,335,87.8,80,131,61.1,2.9,-1.2,15,59,25,4,969,1159,83.6,17359,5620,431,468,92.1,397,450,88.2,113,176,64.2,1.5,-0.4,17,53,13,3,915,85,2,10,35,38,10,3,6,0,5,18,1065,91,0,10,29,37,5,3,1,0,3,21,35,17.5,25,5,1,2,0,6,3.0,4,0,1,1,0,0,37,18.5,29,2,0,0,2,2,1.0,1,0,0,0,0,1,36,17,13,19,4,12,50.0,12,17,24,60,29,1,32,17,14,11,7,13,44.8,16,17,13,45,33,1,1218,98,59,16,55.2,13,44.8,752,12,28,19,813,86,1352,149,31,12,42.9,12,42.9,836,6,29,24,968,57,90,100,76,12,10,31,13,2.0,3,1,2,1.0,2.9,1.7,1.2,0.59,90,100,76,12,10,31,12,0.5,1,3,-2,-1.0,1.7,2.9,-1.2,-0.59,0,23,0,0,0,115,27,62.8,0,19,0,0,0,104,16,37.2
8,Augsburg,de Bundesliga,15,25.4,56.0,1,11,90,1.0,4,3,7,3,1,1,1,0,2.3,1.5,1.4,2.9,17,44,4.0,3.0,7.0,3.0,6.0,2.28,1.41,3.68,1.49,2.9,2024,8,de Bundesliga,15,25.4,44.0,1,11,90,1.0,4,3,7,3,1,1,2,0,1.7,0.9,0.9,1.9,19,23,4.0,3.0,7.0,3.0,6.0,1.72,0.93,2.65,0.93,1.86,2024,Augsburg_2024,19,6,31.6,19.0,6.0,0.16,0.5,19.1,1,0.08,1.7,1.5,9,4,44.4,9.0,4.0,0.33,0.75,17.0,0,0.1,2.3,2.1,423,524,80.7,7014,2777,205,220,93.2,173,207,83.6,29,57,50.9,1.9,1.6,17,30,12,3,305,406,75.1,5666,2153,143,167,85.6,124,150,82.7,36,79,45.6,0.6,2.1,9,25,7,3,473,47,2,2,23,16,8,6,1,0,4,12,360,45,1,1,19,12,7,4,3,0,1,5,36,36.0,32,1,1,2,0,7,7.0,6,0,0,0,1,0,18,18.0,12,2,2,1,0,7,7.0,5,1,0,0,1,0,13,6,6,5,2,6,46.2,7,4,12,25,11,0,10,6,3,6,1,5,71.4,2,12,7,17,19,0,620,61,26,2,28.6,5,71.4,433,2,16,5,417,43,506,72,21,7,43.8,6,37.5,304,9,13,7,304,23,90,100,83,7,4,19,5,1.0,4,4,0,0.0,2.3,1.7,0.6,0.55,90,100,83,7,4,19,4,1.0,4,4,0,0.0,1.7,2.3,-0.6,-0.55,0,9,1,1,0,58,22,59.5,0,13,1,1,0,46,15,40.5
9,Barcelona,es La Liga,18,26.4,74.0,2,22,180,2.0,2,2,4,2,0,0,6,1,4.9,4.9,3.8,8.7,74,108,1.0,1.0,2.0,1.0,2.0,2.43,1.89,4.33,2.43,4.33,2024,9,es La Liga,18,29.5,26.0,2,22,180,2.0,0,0,0,0,0,0,11,1,1.7,1.7,1.0,2.7,12,35,0.0,0.0,0.0,0.0,0.0,0.85,0.52,1.37,0.85,1.37,2024,Barcelona_2024,38,13,34.2,19.0,6.5,0.05,0.15,17.1,3,0.13,-2.9,-2.9,15,3,20.0,7.5,1.5,0.0,0.0,13.2,0,0.11,-1.7,-1.7,1265,1426,88.7,19245,6021,681,729,93.4,480,527,91.1,62,106,58.5,3.6,-1.8,28,105,24,7,337,500,67.4,7189,3505,118,142,83.1,126,158,79.7,69,149,46.3,1.6,-1.0,12,29,12,7,1317,106,10,7,46,31,14,6,4,0,3,6,410,85,1,8,32,27,5,1,2,0,5,10,70,35.0,53,2,5,4,1,4,2.0,4,0,0,0,0,0,25,12.5,16,4,1,0,1,0,0.0,0,0,0,0,0,0,20,15,8,10,2,8,61.5,5,8,8,28,27,1,22,12,13,6,3,10,29.4,24,6,23,45,47,0,1604,90,62,24,60.0,10,25.0,1104,16,31,12,1249,107,689,149,29,5,35.7,8,57.1,276,3,21,12,332,34,90,100,81,12,9,18,10,2.0,2,0,2,1.0,4.9,1.7,3.2,1.58,90,100,81,12,9,18,11,0.5,0,2,-2,-1.0,1.7,4.9,-3.2,-1.58,0,20,0,0,0,93,35,53.8,1,42,0,0,0,64,30,46.2
10,Bayern Munich,de Bundesliga,16,27.0,72.0,1,11,90,1.0,4,4,8,4,0,0,1,0,2.8,2.8,2.7,5.6,46,52,4.0,4.0,8.0,4.0,8.0,2.84,2.75,5.59,2.84,5.59,2024,10,de Bundesliga,16,28.2,28.0,1,11,90,1.0,0,0,0,0,0,0,2,0,0.6,0.6,0.4,0.9,7,25,0.0,0.0,0.0,0.0,0.0,0.55,0.37,0.92,0.55,0.92,2024,Bayern Munich_2024,25,10,40.0,25.0,10.0,0.16,0.4,19.1,1,0.11,1.2,1.2,6,1,16.7,6.0,1.0,0.0,0.0,20.7,1,0.09,-0.6,-0.6,629,707,89.0,10584,3649,294,313,93.9,276,299,92.3,46,64,71.9,2.3,1.3,23,48,11,1,191,275,69.5,3971,1925,74,91,81.3,82,108,75.9,33,61,54.1,0.4,-0.4,3,15,3,0,655,52,2,2,18,21,6,2,4,0,0,12,235,37,0,5,12,10,0,0,0,0,3,6,48,48.0,35,5,3,3,0,8,8.0,8,0,0,0,0,0,11,11.0,8,0,1,1,1,0,0.0,0,0,0,0,0,0,3,2,1,2,0,2,40.0,3,7,6,9,9,0,29,17,14,13,2,18,47.4,20,12,3,32,16,0,811,60,42,20,48.8,18,43.9,621,19,11,11,622,51,383,74,6,3,50.0,2,33.3,194,1,10,1,190,25,90,100,85,6,5,11,4,3.0,4,0,4,4.0,2.8,0.6,2.3,2.29,90,100,85,6,5,11,4,0.0,0,4,-4,-4.0,0.6,2.8,-2.3,-2.29,0,11,0,0,0,61,17,53.1,0,17,0,0,0,44,15,46.9
11,Betis,es La Liga,17,28.6,45.0,2,22,180,2.0,2,2,4,2,0,0,5,0,1.8,1.8,1.7,3.5,34,62,1.0,1.0,2.0,1.0,2.0,0.91,0.85,1.75,0.91,1.75,2024,11,es La Liga,17,28.7,55.0,2,22,180,2.0,1,1,2,1,0,0,3,0,1.4,1.4,1.1,2.5,37,93,0.5,0.5,1.0,0.5,1.0,0.7,0.54,1.25,0.7,1.25,2024,Betis_2024,26,5,19.2,13.0,2.5,0.08,0.4,17.8,1,0.07,0.2,0.2,23,6,26.1,11.5,3.0,0.04,0.17,16.0,0,0.06,-0.4,-0.4,784,948,82.7,13016,4977,401,447,89.7,260,294,88.4,85,139,61.2,2.1,0.3,22,49,19,5,949,1130,84.0,15482,5772,513,565,90.8,352,391,90.0,71,124,57.3,2.3,-0.1,17,76,18,2,867,77,1,7,31,33,6,2,3,0,4,16,1030,96,1,5,36,32,16,3,12,0,4,21,47,23.5,38,2,1,1,2,4,2.0,3,0,1,0,0,0,43,21.5,29,6,3,1,0,2,1.0,0,1,0,0,1,0,37,25,12,18,7,20,62.5,12,20,25,62,37,0,44,26,18,22,4,20,54.1,17,13,20,64,22,0,1180,140,42,17,41.5,20,48.8,694,9,29,24,780,61,1349,113,57,12,36.4,20,60.6,823,10,29,17,931,90,90,100,82,13,9,19,9,2.0,2,1,1,0.5,1.8,1.4,0.4,0.2,90,100,82,13,9,19,12,0.5,1,2,-1,-0.5,1.4,1.8,-0.4,-0.2,0,27,0,0,0,114,13,27.7,0,21,0,0,0,103,34,72.3
12,Bochum,de Bundesliga,16,29.4,40.0,1,11,90,1.0,0,0,0,0,0,0,1,0,0.8,0.8,0.6,1.4,8,24,0.0,0.0,0.0,0.0,0.0,0.83,0.56,1.39,0.83,1.39,2024,12,de Bundesliga,16,25.2,60.0,1,11,90,1.0,5,5,10,5,0,0,1,0,3.0,3.0,2.8,5.8,39,51,5.0,5.0,10.0,5.0,10.0,3.05,2.76,5.81,3.05,5.81,2024,Bochum_2024,4,1,25.0,4.0,1.0,0.0,0.0,11.8,0,0.21,-0.8,-0.8,21,9,42.9,21.0,9.0,0.24,0.56,16.6,0,0.15,2.0,2.0,298,402,74.1,5384,1700,128,145,88.3,135,160,84.4,30,76,39.5,0.3,-0.6,2,15,3,0,506,601,84.2,8451,3196,251,277,90.6,188,212,88.7,47,74,63.5,1.9,2.2,17,43,9,2,359,41,2,0,8,20,0,0,0,0,2,6,553,46,3,6,24,19,7,3,4,0,2,9,6,6.0,4,0,0,1,0,0,0.0,0,0,0,0,0,0,37,37.0,27,5,1,1,0,10,10.0,7,1,1,1,0,0,24,16,16,8,0,13,56.5,10,7,9,33,24,0,7,5,2,3,2,3,60.0,2,6,8,15,15,0,495,76,5,2,33.3,3,50.0,290,1,5,4,294,24,702,49,31,10,34.5,13,44.8,524,8,11,11,504,50,90,100,79,6,5,25,4,0.0,0,5,-5,-5.0,0.8,3.0,-2.2,-2.21,90,100,79,6,5,25,4,3.0,5,0,5,5.0,3.0,0.8,2.2,2.21,0,12,0,0,0,38,15,41.7,0,5,0,0,0,48,21,58.3
13,Bologna,it Serie A,16,25.8,53.0,1,11,90,1.0,0,0,0,0,0,0,2,0,1.0,1.0,0.8,1.9,22,41,0.0,0.0,0.0,0.0,0.0,1.05,0.85,1.89,1.05,1.89,2024,13,it Serie A,16,26.7,47.0,1,11,90,1.0,2,2,4,2,0,0,2,0,0.9,0.9,0.9,1.8,14,35,2.0,2.0,4.0,2.0,4.0,0.9,0.9,1.79,0.9,1.79,2024,Bologna_2024,17,5,29.4,17.0,5.0,0.0,0.0,17.1,1,0.06,-1.0,-1.0,9,5,55.6,9.0,5.0,0.22,0.4,15.7,0,0.1,1.1,1.1,503,580,86.7,8855,2712,245,263,93.2,205,231,88.7,49,70,70.0,0.8,-0.8,14,43,10,5,430,515,83.5,6699,2401,219,240,91.3,165,181,91.2,28,56,50.0,1.2,1.1,9,26,8,3,550,28,1,3,16,13,3,2,0,0,2,7,470,43,1,0,11,13,6,3,2,0,2,11,32,32.0,27,1,2,1,0,0,0.0,0,0,0,0,0,0,18,18.0,16,1,1,0,0,4,4.0,4,0,0,0,0,0,21,8,10,9,2,11,47.8,12,10,4,25,11,0,13,8,8,3,2,7,70.0,3,7,9,22,10,1,682,58,25,3,23.1,7,53.8,330,5,9,6,500,41,607,73,20,12,48.0,11,44.0,425,3,11,10,426,35,90,100,83,6,5,15,6,0.0,0,2,-2,-2.0,1.0,0.9,0.2,0.15,90,100,83,6,5,15,8,3.0,2,0,2,2.0,0.9,1.0,-0.2,-0.15,0,10,0,0,0,60,11,68.8,0,4,0,0,0,54,5,31.3
14,Bournemouth,eng Premier League,18,25.8,49.0,2,22,180,2.0,2,1,3,2,0,0,4,0,2.6,2.6,1.1,3.7,30,77,1.0,0.5,1.5,1.0,1.5,1.3,0.54,1.84,1.3,1.84,2024,14,eng Premier League,18,28.0,51.0,2,22,180,2.0,4,1,5,4,0,1,5,1,4.1,3.2,1.8,5.0,38,70,2.0,0.5,2.5,2.0,2.5,2.06,0.92,2.98,1.58,2.51,2024,Bournemouth_2024,27,10,37.0,13.5,5.0,0.07,0.2,20.2,2,0.1,-0.6,-0.6,41,11,26.8,20.5,5.5,0.1,0.36,16.6,1,0.08,-0.1,0.8,709,929,76.3,12734,4297,307,352,87.2,311,364,85.4,74,159,46.5,1.0,-0.1,17,57,18,3,773,985,78.5,13641,5659,332,389,85.3,323,369,87.5,86,157,54.8,2.3,-0.8,28,51,17,2,824,102,3,2,33,42,12,7,0,1,3,23,881,102,6,12,30,40,14,6,6,0,2,26,46,23.0,28,3,5,3,4,3,1.5,1,0,1,1,0,0,66,33.0,39,9,6,2,2,6,3.0,2,0,1,2,0,1,35,17,14,15,6,20,42.6,27,23,21,56,40,1,45,30,22,20,3,21,47.7,23,19,17,62,47,2,1193,137,41,23,46.9,21,42.9,656,9,32,24,696,76,1255,127,66,27,50.9,20,37.7,624,10,41,15,764,70,90,100,80,12,10,21,8,0.5,2,4,-2,-1.0,2.6,4.1,-1.5,-0.76,90,100,80,12,10,21,10,2.0,4,2,2,1.0,4.1,2.6,1.5,0.76,0,22,0,1,0,122,27,36.0,0,25,1,0,0,110,48,64.0
15,Brentford,eng Premier League,18,25.9,38.0,2,22,180,2.0,5,2,7,3,2,2,3,0,5.9,4.5,3.6,8.1,20,59,2.5,1.0,3.5,1.5,2.5,2.93,1.79,4.72,2.25,4.04,2024,15,eng Premier League,18,27.1,62.0,2,22,180,2.0,2,2,4,2,0,0,8,1,1.7,1.7,1.4,3.1,43,82,1.0,1.0,2.0,1.0,2.0,0.86,0.68,1.54,0.86,1.54,2024,Brentford_2024,26,12,46.2,13.0,6.0,0.12,0.25,15.4,1,0.18,-0.9,-1.5,28,8,28.6,14.0,4.0,0.07,0.25,20.6,1,0.06,0.3,0.3,600,771,77.8,11266,4367,260,297,87.5,255,303,84.2,76,136,55.9,3.3,-1.6,16,41,18,2,1077,1267,85.0,16774,4803,579,618,93.7,415,463,89.6,52,117,44.4,2.3,0.6,17,106,17,2,686,80,5,9,28,33,8,1,2,2,5,12,1175,91,3,3,39,34,11,6,5,0,1,20,44,22.0,28,5,1,5,1,8,4.0,5,0,1,0,2,0,43,21.5,31,2,2,3,1,4,2.0,2,1,0,0,1,0,30,18,18,9,3,15,38.5,24,19,17,47,59,0,26,19,6,11,9,9,40.9,13,10,13,39,41,1,991,175,61,13,48.1,9,33.3,552,8,23,17,592,59,1462,136,51,24,58.5,15,36.6,1039,11,21,15,1065,81,90,100,83,13,10,16,8,2.0,5,2,3,1.5,5.9,1.7,4.1,2.06,90,100,83,13,10,16,10,0.5,2,5,-3,-1.5,1.7,5.9,-4.1,-2.06,0,24,2,0,0,102,27,54.0,1,26,0,2,0,93,23,46.0
16,Brest,fr Ligue 1,16,27.1,46.0,2,22,180,2.0,5,2,7,3,2,2,4,0,3.6,2.1,1.4,3.4,26,57,2.5,1.0,3.5,1.5,2.5,1.82,0.69,2.5,1.03,1.71,2024,16,fr Ligue 1,16,26.5,54.0,2,22,180,2.0,3,3,6,3,0,0,3,1,1.9,1.9,1.8,3.8,32,91,1.5,1.5,3.0,1.5,3.0,0.96,0.92,1.88,0.96,1.88,2024,Brest_2024,23,11,47.8,11.5,5.5,0.13,0.27,18.5,1,0.09,1.4,0.9,26,9,34.6,13.0,4.5,0.12,0.33,17.6,0,0.08,1.1,1.1,603,811,74.4,11923,4594,222,266,83.5,265,335,79.1,85,156,54.5,1.2,0.6,15,40,14,4,721,952,75.7,12671,4939,302,368,82.1,308,377,81.7,72,131,55.0,2.2,1.2,24,53,17,5,695,114,2,4,44,44,9,7,2,0,2,14,840,104,2,2,35,42,13,6,4,0,8,25,42,21.0,26,5,2,5,2,9,4.5,6,1,0,0,2,0,49,24.5,40,5,1,0,0,6,3.0,5,1,0,0,0,0,42,24,17,16,9,16,35.6,29,19,18,60,44,0,37,18,15,19,3,25,61.0,16,11,11,48,33,2,1083,135,30,16,34.8,25,54.3,680,1,43,12,595,55,1189,128,45,29,58.0,16,32.0,801,8,37,26,712,91,90,100,83,13,9,18,9,3.0,5,3,2,1.0,3.6,1.9,1.7,0.86,90,100,83,13,9,18,8,0.0,3,5,-2,-1.0,1.9,3.6,-1.7,-0.86,0,28,2,0,0,106,36,43.9,0,33,0,2,0,117,46,56.1
17,Brighton,eng Premier League,18,28.6,61.5,2,22,180,2.0,8,6,14,7,1,1,8,0,6.2,5.4,5.1,10.5,52,102,4.0,3.0,7.0,3.5,6.5,3.1,2.55,5.66,2.71,5.26,2024,17,eng Premier League,18,26.8,38.5,2,22,180,2.0,2,1,3,1,1,1,7,1,3.5,2.7,2.2,5.0,37,65,1.0,0.5,1.5,0.5,1.0,1.76,1.12,2.88,1.37,2.49,2024,Brighton_2024,42,19,45.2,21.0,9.5,0.17,0.37,16.5,0,0.13,1.8,1.6,24,7,29.2,12.0,3.5,0.04,0.14,16.2,0,0.13,-1.5,-1.7,1080,1236,87.4,17074,5989,553,598,92.5,411,445,92.4,70,115,60.9,4.8,0.9,38,71,24,5,608,785,77.5,10618,4333,314,349,90.0,221,254,87.0,64,140,45.7,2.6,-1.2,19,44,12,4,1135,92,6,4,32,30,9,3,2,0,9,13,685,93,3,4,38,27,12,6,6,0,7,16,80,40.0,59,5,8,3,1,14,7.0,10,0,2,1,1,0,44,22.0,29,5,3,1,1,3,1.5,1,1,0,1,0,0,38,27,19,15,4,15,37.5,25,15,14,52,35,0,37,27,21,14,2,19,50.0,19,10,15,52,35,2,1479,163,82,19,42.2,19,42.2,947,22,30,18,1066,102,999,157,49,25,58.1,15,34.9,617,17,30,23,605,65,90,100,82,12,10,17,8,3.0,8,2,6,3.0,6.2,3.5,2.7,1.34,90,100,82,12,10,17,9,0.0,2,8,-6,-3.0,3.5,6.2,-2.7,-1.34,0,22,1,1,0,109,17,39.5,1,26,0,1,0,95,26,60.5
18,Burnley,eng Premier League,16,23.8,35.0,1,11,90,1.0,0,0,0,0,0,0,0,1,0.3,0.3,0.3,0.6,10,18,0.0,0.0,0.0,0.0,0.0,0.32,0.29,0.62,0.32,0.62,2024,18,eng Premier League,16,26.8,65.0,1,11,90,1.0,3,2,5,3,0,0,0,0,1.9,1.9,1.3,3.3,12,28,3.0,2.0,5.0,3.0,5.0,1.94,1.31,3.25,1.94,3.25,2024,Burnley_2024,6,1,16.7,6.0,1.0,0.0,0.0,14.9,0,0.05,-0.3,-0.3,17,8,47.1,17.0,8.0,0.18,0.38,13.9,0,0.12,1.1,1.1,313,395,79.2,5807,1910,133,148,89.9,134,151,88.7,40,74,54.1,0.2,-0.3,5,14,3,0,655,740,88.5,10790,3194,325,339,95.9,252,277,91.0,51,84,60.7,1.3,0.7,14,42,10,2,356,39,0,4,7,15,6,2,3,0,0,8,703,36,7,1,15,13,5,0,4,0,1,7,10,10.0,7,1,1,0,1,0,0.0,0,0,0,0,0,0,29,29.0,20,3,1,3,0,5,5.0,4,0,0,1,0,0,12,8,5,5,2,3,50.0,3,7,7,19,16,0,17,12,10,5,2,12,80.0,3,7,4,21,7,2,496,89,14,3,20.0,12,80.0,225,3,13,5,313,18,835,75,23,3,30.0,3,30.0,558,3,9,9,632,28,90,100,83,6,5,16,4,0.0,0,3,-3,-3.0,0.3,1.9,-1.6,-1.62,90,100,83,6,5,16,4,3.0,3,0,3,3.0,1.9,0.3,1.6,1.62,0,11,0,0,0,45,13,50.0,0,8,0,0,0,54,13,50.0
19,Cádiz,es La Liga,19,29.9,35.5,2,22,180,2.0,1,1,2,1,0,0,6,1,1.8,1.8,1.0,2.7,19,27,0.5,0.5,1.0,0.5,1.0,0.89,0.48,1.37,0.89,1.37,2024,19,es La Liga,19,26.3,64.5,2,22,180,2.0,2,2,4,2,0,0,6,0,3.7,3.7,2.7,6.4,56,94,1.0,1.0,2.0,1.0,2.0,1.84,1.35,3.19,1.84,3.19,2024,Cádiz_2024,22,4,18.2,11.0,2.0,0.05,0.25,15.0,1,0.08,-0.8,-0.8,34,12,35.3,17.0,6.0,0.06,0.17,17.5,2,0.11,-1.7,-1.7,377,566,66.6,7572,3502,138,177,78.0,164,208,78.8,59,145,40.7,1.0,0.0,17,26,5,5,887,1076,82.4,14465,5043,447,496,90.1,331,387,85.5,78,136,57.4,2.8,-0.7,25,78,21,8,476,87,1,5,27,35,4,0,1,0,3,6,964,109,5,7,53,36,14,3,5,0,3,13,37,18.5,17,8,3,3,1,2,1.0,0,1,0,0,1,0,59,29.5,43,3,4,3,1,4,2.0,4,0,0,0,0,0,24,15,9,14,1,6,24.0,19,10,13,37,46,0,20,15,6,11,3,6,35.3,11,6,16,36,23,1,746,132,27,11,57.9,6,31.6,329,6,19,14,373,27,1243,79,54,19,65.5,6,20.7,775,12,30,18,878,94,90,100,84,12,10,14,13,1.5,1,2,-1,-0.5,1.8,3.7,-1.9,-0.95,90,100,84,12,10,14,11,1.5,2,1,1,0.5,3.7,1.8,1.9,0.95,0,41,0,0,0,78,34,47.2,0,24,0,0,0,99,38,52.8
20,Cagliari,it Serie A,16,24.9,43.0,1,11,90,1.0,0,0,0,0,0,0,1,0,0.4,0.4,0.3,0.6,7,26,0.0,0.0,0.0,0.0,0.0,0.39,0.25,0.64,0.39,0.64,2024,20,it Serie A,16,25.5,57.0,1,11,90,1.0,0,0,0,0,0,0,1,0,1.0,1.0,0.7,1.7,16,39,0.0,0.0,0.0,0.0,0.0,0.95,0.71,1.67,0.95,1.67,2024,Cagliari_2024,8,2,25.0,8.0,2.0,0.0,0.0,20.2,1,0.05,-0.4,-0.4,11,2,18.2,11.0,2.0,0.0,0.0,17.1,0,0.09,-1.0,-1.0,260,375,69.3,4857,2080,129,143,90.2,84,122,68.9,40,92,43.5,0.4,-0.3,4,19,6,0,381,496,76.8,7233,3097,158,188,84.0,164,187,87.7,50,95,52.6,0.7,-0.7,7,29,6,1,334,39,1,5,14,17,3,2,1,0,2,5,439,56,0,3,20,22,8,7,0,0,1,9,16,16.0,10,0,3,2,1,0,0.0,0,0,0,0,0,0,17,17.0,11,2,1,1,0,0,0.0,0,0,0,0,0,0,18,13,10,5,3,8,42.1,11,6,10,28,17,0,10,6,6,3,1,0,0.0,8,3,8,18,15,0,469,59,13,8,80.0,0,0.0,231,3,18,10,250,23,586,56,15,11,57.9,8,42.1,298,4,19,10,372,39,90,100,79,6,5,25,7,1.0,0,0,0,0.0,0.4,1.0,-0.6,-0.57,90,100,79,6,5,25,8,1.0,0,0,0,0.0,1.0,0.4,0.6,0.57,0,12,0,0,0,69,20,48.8,0,8,0,0,0,54,21,51.2
21,Celta Vigo,es La Liga,18,26.2,50.0,2,22,180,2.0,1,0,1,1,0,0,2,0,2.0,2.0,1.5,3.5,33,66,0.5,0.0,0.5,0.5,0.5,1.0,0.75,1.75,1.0,1.75,2024,21,es La Liga,18,27.3,50.0,2,22,180,2.0,3,1,4,3,0,0,3,0,1.7,1.7,1.1,2.7,31,64,1.5,0.5,2.0,1.5,2.0,0.83,0.53,1.36,0.83,1.36,2024,Celta Vigo_2024,28,6,21.4,14.0,3.0,0.04,0.17,17.1,1,0.08,-1.0,-1.0,22,7,31.8,11.0,3.5,0.14,0.43,16.5,2,0.08,1.3,1.3,714,952,75.0,12357,4773,320,373,85.8,310,386,80.3,59,129,45.7,2.0,-1.5,23,50,14,5,685,936,73.2,13363,5163,281,335,83.9,297,364,81.6,95,194,49.0,0.7,-0.1,15,65,8,5,827,116,3,5,41,50,14,3,6,0,9,23,822,113,1,11,33,51,11,4,4,0,1,21,55,27.5,44,3,3,1,1,1,0.5,0,0,0,1,0,0,37,18.5,18,6,5,3,1,4,2.0,1,0,1,2,0,0,21,14,11,10,0,7,35.0,13,19,21,42,39,0,30,24,9,19,2,9,30.0,21,17,20,50,39,0,1161,114,44,21,63.6,9,27.3,639,7,31,21,710,66,1142,127,20,13,56.5,7,30.4,615,4,35,14,674,64,90,100,84,12,10,14,13,0.5,1,3,-2,-1.0,2.0,1.7,0.3,0.17,90,100,84,12,10,14,14,2.0,3,1,2,1.0,1.7,2.0,-0.3,-0.17,0,23,0,0,0,122,29,45.3,0,27,0,0,0,122,35,54.7
22,Chelsea,eng Premier League,18,25.0,70.0,2,22,180,2.0,2,1,3,2,0,1,6,0,3.8,3.0,2.7,5.7,59,114,1.0,0.5,1.5,1.0,1.5,1.92,1.35,3.27,1.52,2.87,2024,22,eng Premier League,18,27.8,30.0,2,22,180,2.0,4,3,7,3,1,1,7,1,3.1,2.3,1.7,4.0,25,47,2.0,1.5,3.5,1.5,3.0,1.53,0.85,2.38,1.14,1.99,2024,Chelsea_2024,26,7,26.9,13.0,3.5,0.08,0.29,15.6,1,0.12,-1.8,-1.0,24,6,25.0,12.0,3.0,0.13,0.5,18.6,0,0.1,0.9,0.7,1306,1528,85.5,20201,6502,722,788,91.6,455,514,88.5,84,126,66.7,2.7,-1.7,20,95,26,9,494,672,73.5,8328,3586,232,266,87.2,184,228,80.7,53,119,44.5,1.1,1.3,19,32,13,4,1423,100,9,6,60,39,13,7,2,0,5,33,590,74,3,7,21,26,7,4,3,0,8,15,49,24.5,34,3,6,3,0,4,2.0,3,0,1,0,0,0,45,22.5,36,4,1,1,2,8,4.0,5,1,0,0,1,1,29,20,11,13,5,9,37.5,15,14,10,39,31,1,33,15,16,13,4,11,30.6,25,28,28,61,66,0,1734,110,81,25,50.0,11,22.0,1218,20,37,22,1297,114,933,165,37,15,60.0,9,36.0,477,10,32,20,490,46,90,100,84,14,8,17,10,0.5,2,4,-2,-1.0,3.8,3.1,0.8,0.39,90,100,84,14,8,17,11,2.0,4,2,2,1.0,3.1,3.8,-0.8,-0.39,0,14,1,1,0,116,30,63.8,1,25,1,1,0,112,17,36.2
23,Clermont Foot,fr Ligue 1,16,27.9,54.5,2,22,180,2.0,2,2,4,2,0,0,0,0,2.2,2.2,2.0,4.2,39,85,1.0,1.0,2.0,1.0,2.0,1.09,0.99,2.08,1.09,2.08,2024,23,fr Ligue 1,16,25.6,45.5,2,22,180,2.0,6,5,11,6,0,0,4,0,4.8,4.8,3.5,8.4,33,72,3.0,2.5,5.5,3.0,5.5,2.41,1.77,4.18,2.41,4.18,2024,Clermont Foot_2024,26,11,42.3,13.0,5.5,0.08,0.18,18.2,1,0.08,-0.2,-0.2,22,12,54.5,11.0,6.0,0.27,0.5,13.9,0,0.24,1.2,1.2,891,1109,80.3,15921,5711,381,423,90.1,392,451,86.9,88,165,53.3,1.7,0.0,19,84,10,3,731,937,78.0,12838,4840,326,380,85.8,312,365,85.5,71,138,51.4,5.2,1.5,16,56,17,3,1005,99,6,4,47,36,16,7,3,0,5,24,861,70,7,7,18,25,5,2,2,0,6,15,44,22.0,35,4,2,2,0,4,2.0,3,1,0,0,0,0,39,19.5,34,0,1,0,1,11,5.5,10,0,0,1,0,0,42,23,19,18,5,27,67.5,13,14,27,69,24,0,40,24,15,20,5,23,54.8,19,18,30,70,41,2,1342,115,39,19,40.4,23,48.9,890,11,39,17,885,84,1188,125,45,13,31.0,27,64.3,771,7,33,15,726,71,90,100,83,12,10,16,8,0.0,2,6,-4,-2.0,2.2,4.8,-2.6,-1.32,90,100,83,12,10,16,8,3.0,6,2,4,2.0,4.8,2.2,2.6,1.32,0,13,0,0,0,123,24,57.1,0,25,0,0,0,136,18,42.9
24,Crystal Palace,eng Premier League,14,27.5,57.5,2,22,180,2.0,1,1,2,1,0,0,2,0,2.9,2.9,2.4,5.3,35,88,0.5,0.5,1.0,0.5,1.0,1.44,1.2,2.64,1.44,2.64,2024,24,eng Premier League,14,26.4,42.5,2,22,180,2.0,1,0,1,0,1,1,6,1,2.5,1.7,1.3,3.1,26,60,0.5,0.0,0.5,0.0,0.0,1.26,0.67,1.93,0.86,1.53,2024,Crystal Palace_2024,38,10,26.3,19.0,5.0,0.03,0.1,17.8,2,0.08,-1.9,-1.9,21,3,14.3,10.5,1.5,0.0,0.0,17.6,0,0.08,-1.5,-1.7,895,1088,82.3,16410,5714,385,431,89.3,400,456,87.7,93,149,62.4,2.1,-1.4,30,76,15,2,617,824,74.9,10601,3691,318,368,86.4,216,262,82.4,64,149,43.0,0.9,-1.3,13,62,18,3,987,99,3,9,38,48,6,2,4,0,2,24,734,86,4,3,35,28,13,8,4,0,4,15,69,34.5,42,8,3,5,3,2,1.0,2,0,0,0,0,0,38,19.0,25,7,2,2,0,2,1.0,0,1,0,0,1,0,35,19,14,12,9,15,65.2,8,13,9,44,35,0,36,18,19,10,7,13,36.1,23,21,19,55,54,0,1319,112,59,23,53.5,13,30.2,789,12,41,23,885,87,1068,124,45,8,27.6,15,51.7,572,9,19,20,611,60,90,100,89,19,3,9,14,1.5,1,1,0,0.0,2.9,2.5,0.4,0.18,90,100,89,19,3,9,9,1.5,1,1,0,0.0,2.5,2.9,-0.4,-0.18,0,25,0,1,0,98,45,63.4,1,28,1,0,0,95,26,36.6
25,Darmstadt 98,de Bundesliga,16,26.6,39.0,1,11,90,1.0,0,0,0,0,0,0,3,0,0.5,0.5,0.4,0.9,11,23,0.0,0.0,0.0,0.0,0.0,0.53,0.35,0.88,0.53,0.88,2024,25,de Bundesliga,16,27.0,61.0,1,11,90,1.0,1,1,2,1,0,0,2,0,1.5,1.5,1.4,2.9,17,50,1.0,1.0,2.0,1.0,2.0,1.51,1.4,2.9,1.51,2.9,2024,Darmstadt 98_2024,10,2,20.0,10.0,2.0,0.0,0.0,19.0,0,0.06,-0.5,-0.5,9,3,33.3,9.0,3.0,0.11,0.33,14.0,0,0.17,-0.5,-0.5,301,393,76.6,6596,2699,97,111,87.4,141,163,86.5,62,100,62.0,0.5,-0.4,8,30,7,1,534,621,86.0,9822,3388,199,220,90.5,286,311,92.0,45,72,62.5,1.4,-0.4,7,45,7,0,353,38,0,4,14,14,3,0,3,0,2,8,562,59,3,1,12,28,7,0,4,0,0,5,16,16.0,12,1,1,0,0,0,0.0,0,0,0,0,0,0,15,15.0,10,4,1,0,0,2,2.0,2,0,0,0,0,0,26,19,19,5,2,14,66.7,7,5,13,39,14,1,13,9,6,5,2,6,46.2,7,6,3,16,11,0,497,63,17,7,53.8,6,46.2,281,3,12,7,297,23,715,47,19,7,31.8,14,63.6,450,4,12,12,530,49,90,100,82,6,5,18,4,0.0,0,1,-1,-1.0,0.5,1.5,-1.0,-0.98,90,100,82,6,5,18,4,3.0,1,0,1,1.0,1.5,0.5,1.0,0.98,0,14,0,0,0,45,14,53.8,0,9,0,0,0,46,12,46.2
26,Dortmund,de Bundesliga,16,28.0,66.0,1,11,90,1.0,1,1,2,1,0,0,1,0,1.8,1.8,1.7,3.5,16,68,1.0,1.0,2.0,1.0,2.0,1.75,1.7,3.45,1.75,3.45,2024,26,de Bundesliga,16,26.5,34.0,1,11,90,1.0,0,0,0,0,0,0,0,0,1.2,1.2,1.2,2.5,27,34,0.0,0.0,0.0,0.0,0.0,1.24,1.24,2.49,1.24,2.49,2024,Dortmund_2024,13,2,15.4,13.0,2.0,0.08,0.5,12.5,0,0.16,-0.8,-0.8,11,4,36.4,11.0,4.0,0.0,0.0,16.5,0,0.11,-1.2,-1.2,649,746,87.0,11871,3663,262,288,91.0,307,338,90.8,65,81,80.2,0.9,-0.7,11,48,4,1,288,390,73.8,4869,2034,122,150,81.3,126,158,79.7,25,50,50.0,2.0,-1.2,11,24,10,2,698,47,1,5,18,20,6,1,5,0,1,14,338,50,2,2,20,24,3,1,2,0,2,10,20,20.0,7,6,1,1,0,1,1.0,0,0,0,1,0,0,21,21.0,19,1,0,1,0,0,0.0,0,0,0,0,0,0,11,8,4,6,1,5,41.7,7,8,10,21,16,0,20,14,14,4,2,13,52.0,12,13,12,32,23,0,862,65,22,12,48.0,13,52.0,628,6,22,7,645,68,510,63,29,7,53.8,5,38.5,258,6,12,6,285,34,90,100,81,6,5,20,4,3.0,1,0,1,1.0,1.8,1.2,0.5,0.51,90,100,81,6,5,20,5,0.0,0,1,-1,-1.0,1.2,1.8,-0.5,-0.51,0,13,0,0,0,58,15,51.7,0,11,0,0,0,48,14,48.3
27,Eint Frankfurt,de Bundesliga,16,27.0,61.0,1,11,90,1.0,1,1,2,1,0,0,2,0,1.5,1.5,1.4,2.9,17,50,1.0,1.0,2.0,1.0,2.0,1.51,1.4,2.9,1.51,2.9,2024,27,de Bundesliga,16,26.6,39.0,1,11,90,1.0,0,0,0,0,0,0,3,0,0.5,0.5,0.4,0.9,11,23,0.0,0.0,0.0,0.0,0.0,0.53,0.35,0.88,0.53,0.88,2024,Eint Frankfurt_2024,9,3,33.3,9.0,3.0,0.11,0.33,14.0,0,0.17,-0.5,-0.5,10,2,20.0,10.0,2.0,0.0,0.0,19.0,0,0.06,-0.5,-0.5,534,621,86.0,9822,3388,199,220,90.5,286,311,92.0,45,72,62.5,1.4,-0.4,7,45,7,0,301,393,76.6,6596,2699,97,111,87.4,141,163,86.5,62,100,62.0,0.5,-0.4,8,30,7,1,562,59,3,1,12,28,7,0,4,0,0,5,353,38,0,4,14,14,3,0,3,0,2,8,15,15.0,10,4,1,0,0,2,2.0,2,0,0,0,0,0,16,16.0,12,1,1,0,0,0,0.0,0,0,0,0,0,0,13,9,6,5,2,6,46.2,7,6,3,16,11,0,26,19,19,5,2,14,66.7,7,5,13,39,14,1,715,47,19,7,31.8,14,63.6,450,4,12,12,530,49,497,63,17,7,53.8,6,46.2,281,3,12,7,297,23,90,100,78,6,5,26,4,3.0,1,0,1,1.0,1.5,0.5,1.0,0.98,90,100,78,6,5,26,4,0.0,0,1,-1,-1.0,0.5,1.5,-1.0,-0.98,0,9,0,0,0,46,12,46.2,0,14,0,0,0,45,14,53.8
28,Empoli,it Serie A,16,26.0,48.0,1,11,90,1.0,0,0,0,0,0,0,2,0,0.7,0.7,0.4,1.1,9,15,0.0,0.0,0.0,0.0,0.0,0.7,0.43,1.13,0.7,1.13,2024,28,it Serie A,16,25.2,52.0,1,11,90,1.0,1,0,1,1,0,0,2,0,0.5,0.5,0.4,0.9,16,21,1.0,0.0,1.0,1.0,1.0,0.51,0.43,0.94,0.51,0.94,2024,Empoli_2024,10,4,40.0,10.0,4.0,0.0,0.0,22.8,2,0.07,-0.7,-0.7,10,4,40.0,10.0,4.0,0.1,0.25,18.2,0,0.05,0.5,0.5,234,367,63.8,4446,1722,93,120,77.5,110,142,77.5,27,80,33.8,0.2,-0.4,5,8,3,0,272,396,68.7,5858,2469,100,133,75.2,107,137,78.1,62,105,59.0,0.7,-0.4,8,15,4,2,298,67,2,1,5,37,2,2,0,0,2,12,337,56,1,7,14,24,4,3,0,0,3,11,17,17.0,12,1,1,2,0,0,0.0,0,0,0,0,0,0,17,17.0,10,3,2,1,0,0,0.0,0,0,0,0,0,0,12,6,6,5,1,7,63.6,4,9,5,17,13,1,20,12,14,6,0,13,76.5,4,11,11,31,21,0,457,50,13,4,19.0,13,61.9,206,3,6,7,227,15,506,57,16,4,28.6,7,50.0,279,3,15,5,267,21,90,100,84,6,5,13,7,0.0,0,1,-1,-1.0,0.7,0.5,0.2,0.19,90,100,84,6,5,13,6,3.0,1,0,1,1.0,0.5,0.7,-0.2,-0.19,0,17,0,0,0,49,11,27.5,0,18,0,0,0,59,29,72.5
29,Everton,eng Premier League,15,28.2,41.0,2,22,180,2.0,0,0,0,0,0,0,4,0,3.3,3.3,2.9,6.2,30,53,0.0,0.0,0.0,0.0,0.0,1.67,1.46,3.12,1.67,3.12,2024,29,eng Premier League,15,28.2,59.0,2,22,180,2.0,5,1,6,4,1,1,5,0,4.4,3.7,2.1,5.8,38,77,2.5,0.5,3.0,2.0,2.5,2.2,1.07,3.27,1.85,2.92,2024,Everton_2024,28,11,39.3,14.0,5.5,0.0,0.0,15.4,0,0.12,-3.3,-3.3,21,8,38.1,10.5,4.0,0.19,0.5,16.2,0,0.18,0.6,0.3,627,825,76.0,11632,4154,258,289,89.3,269,310,86.8,79,170,46.5,1.5,-2.9,21,53,12,2,1025,1199,85.5,17269,5851,458,511,89.6,469,509,92.1,72,121,59.5,2.0,-1.1,17,54,22,5,720,98,2,8,44,42,16,7,8,0,7,18,1100,95,2,8,23,37,11,1,2,0,4,19,50,25.0,32,7,2,2,1,0,0.0,0,0,0,0,0,0,39,19.5,31,2,4,1,0,7,3.5,4,0,1,1,1,0,27,16,13,7,7,14,42.4,19,18,19,46,26,2,19,9,11,6,2,9,36.0,16,13,7,26,49,0,1010,94,43,16,59.3,9,33.3,578,8,29,10,619,52,1389,169,37,19,48.7,14,35.9,1009,4,26,13,1018,77,90,100,82,16,6,28,12,0.0,0,5,-5,-2.5,3.3,4.4,-1.1,-0.54,90,100,82,16,6,28,10,3.0,5,0,5,2.5,4.4,3.3,1.1,0.54,0,24,0,1,0,102,17,42.5,0,14,1,0,0,91,23,57.5
30,Fiorentina,it Serie A,16,27.1,68.0,1,11,90,1.0,4,3,7,4,0,0,3,0,1.0,1.0,0.4,1.4,23,44,4.0,3.0,7.0,4.0,7.0,0.99,0.38,1.37,0.99,1.37,2024,30,it Serie A,16,26.4,32.0,1,11,90,1.0,1,1,2,1,0,0,2,0,0.2,0.2,0.2,0.4,5,27,1.0,1.0,2.0,1.0,2.0,0.21,0.21,0.41,0.21,0.41,2024,Fiorentina_2024,9,5,55.6,9.0,5.0,0.44,0.8,18.6,0,0.11,3.0,3.0,4,2,50.0,4.0,2.0,0.25,0.5,11.0,0,0.05,0.8,0.8,599,694,86.3,11368,3496,246,261,94.3,253,281,90.0,90,118,76.3,0.8,2.6,6,37,5,0,242,332,72.9,4770,1967,85,105,81.0,113,137,82.5,38,65,58.5,0.6,0.8,4,17,6,2,645,48,2,5,12,22,4,1,2,0,1,14,284,46,0,1,16,20,3,0,3,0,2,11,15,15.0,9,1,3,0,0,7,7.0,2,1,2,2,0,0,7,7.0,4,1,2,0,0,2,2.0,1,0,1,0,0,0,11,8,4,5,2,5,35.7,9,9,7,18,16,0,14,9,5,8,1,6,37.5,10,12,9,23,15,1,794,69,24,10,55.6,6,33.3,525,8,13,8,593,43,420,60,9,9,60.0,5,33.3,197,0,8,6,241,27,90,100,86,6,5,10,9,3.0,4,1,3,3.0,1.0,0.2,0.8,0.78,90,100,86,6,5,10,6,0.0,1,4,-3,-3.0,0.2,1.0,-0.8,-0.78,0,13,0,0,0,51,12,54.5,0,14,0,0,0,37,10,45.5
31,Freiburg,de Bundesliga,16,27.5,50.0,1,11,90,1.0,1,0,1,1,0,0,1,0,2.6,2.6,1.8,4.4,23,31,1.0,0.0,1.0,1.0,1.0,2.65,1.79,4.44,2.65,4.44,2024,31,de Bundesliga,16,28.8,50.0,1,11,90,1.0,1,0,1,1,0,0,0,0,1.4,1.4,1.0,2.4,27,55,1.0,0.0,1.0,1.0,1.0,1.38,1.04,2.43,1.38,2.43,2024,Freiburg_2024,18,7,38.9,18.0,7.0,0.06,0.14,14.8,0,0.15,-1.6,-1.6,22,4,18.2,22.0,4.0,0.05,0.25,17.6,0,0.06,-0.4,-0.4,369,494,74.7,6684,2605,164,196,83.7,153,181,84.5,43,91,47.3,1.4,-1.8,15,24,11,4,385,502,76.7,7744,3332,134,163,82.2,201,232,86.6,49,86,57.0,1.7,-1.0,16,42,11,3,456,38,0,3,23,15,2,0,0,0,0,6,457,42,1,5,24,16,4,1,1,0,3,14,33,33.0,27,1,2,1,0,1,1.0,0,0,0,1,0,0,37,37.0,28,3,0,1,0,1,1.0,0,0,0,1,0,0,17,7,11,5,1,5,55.6,4,13,11,28,15,0,11,5,5,5,1,6,30.0,14,6,7,18,24,0,610,82,28,14,60.9,6,26.1,378,7,10,5,365,30,623,80,36,4,36.4,5,45.5,349,8,10,12,382,55,90,100,87,6,5,7,4,3.0,2,1,1,1.0,2.6,1.4,1.3,1.26,90,100,87,6,5,7,5,0.0,1,2,-1,-1.0,1.4,2.6,-1.3,-1.26,0,9,0,0,0,57,25,55.6,0,9,0,0,1,54,20,44.4
32,Frosinone,it Serie A,16,25.3,48.0,1,11,90,1.0,1,0,1,0,1,1,3,0,0.9,0.1,0.1,0.2,12,30,1.0,0.0,1.0,0.0,0.0,0.89,0.07,0.97,0.1,0.18,2024,32,it Serie A,16,27.9,52.0,1,11,90,1.0,3,2,5,3,0,0,3,0,1.5,1.5,1.2,2.7,21,46,3.0,2.0,5.0,3.0,5.0,1.49,1.22,2.7,1.49,2.7,2024,Frosinone_2024,3,0,0.0,3.0,0.0,0.0,,25.4,1,0.03,0.1,-0.1,19,8,42.1,19.0,8.0,0.16,0.38,18.4,0,0.08,1.5,1.5,413,476,86.8,6059,2393,242,252,96.0,126,141,89.4,28,52,53.8,0.2,-0.1,2,17,5,1,436,506,86.2,7511,2556,205,213,96.2,180,201,89.6,40,64,62.5,0.9,0.8,16,34,9,0,425,48,0,1,7,15,4,1,2,0,3,8,465,38,2,2,18,11,6,2,3,0,3,13,8,8.0,5,1,0,2,0,2,2.0,0,1,0,0,1,0,36,36.0,29,2,1,0,2,5,5.0,4,0,0,1,0,0,6,6,3,3,0,3,37.5,5,12,2,8,19,0,20,11,10,6,4,12,70.6,5,5,3,23,9,0,575,99,13,5,25.0,12,60.0,293,3,18,8,410,30,591,29,31,5,55.6,3,33.3,352,7,14,3,429,45,90,100,82,6,5,17,8,0.0,1,3,-2,-2.0,0.9,1.5,-0.6,-0.59,90,100,82,6,5,17,8,3.0,3,1,2,2.0,1.5,0.9,0.6,0.59,0,14,1,0,0,34,4,30.8,0,17,0,1,0,54,9,69.2
33,Fulham,eng Premier League,18,29.2,56.5,2,22,180,2.0,1,0,1,1,0,0,6,1,2.0,2.0,0.9,2.9,29,69,0.5,0.0,0.5,0.5,0.5,0.98,0.46,1.44,0.98,1.44,2024,33,eng Premier League,18,27.2,43.5,2,22,180,2.0,3,1,4,2,1,1,2,0,6.4,5.8,4.6,10.4,25,59,1.5,0.5,2.0,1.0,1.5,3.19,2.32,5.51,2.9,5.22,2024,Fulham_2024,19,4,21.1,9.5,2.0,0.05,0.25,18.0,1,0.1,-1.0,-1.0,35,16,45.7,17.5,8.0,0.06,0.13,14.9,1,0.17,-3.4,-3.8,917,1113,82.4,15981,5252,396,440,90.0,422,473,89.2,77,142,54.2,1.0,-0.9,13,65,20,4,660,853,77.4,12423,4437,273,311,87.8,284,326,87.1,87,167,52.1,3.3,-3.6,23,56,15,2,1008,101,1,4,27,40,9,3,4,0,4,21,751,92,5,6,41,40,15,4,7,1,10,16,32,16.0,26,1,2,2,1,2,1.0,2,0,0,0,0,0,62,31.0,35,10,2,6,2,4,2.0,3,0,0,0,1,0,20,13,8,7,5,12,44.4,15,11,7,27,54,1,26,15,12,7,7,9,39.1,14,21,22,48,40,0,1289,166,37,14,58.3,9,37.5,882,5,19,17,906,69,1058,140,58,15,51.7,12,41.4,631,9,24,8,651,59,90,100,80,13,8,24,10,1.5,1,3,-2,-1.0,2.0,6.4,-4.4,-2.21,90,100,80,13,8,24,11,1.5,3,1,2,1.0,6.4,2.0,4.4,2.21,1,19,0,1,0,86,26,55.3,0,24,1,0,0,107,21,44.7
34,Genoa,it Serie A,14,26.4,32.0,1,11,90,1.0,1,1,2,1,0,0,2,0,0.2,0.2,0.2,0.4,5,27,1.0,1.0,2.0,1.0,2.0,0.21,0.21,0.41,0.21,0.41,2024,34,it Serie A,14,27.1,68.0,1,11,90,1.0,4,3,7,4,0,0,3,0,1.0,1.0,0.4,1.4,23,44,4.0,3.0,7.0,4.0,7.0,0.99,0.38,1.37,0.99,1.37,2024,Genoa_2024,4,2,50.0,4.0,2.0,0.25,0.5,11.0,0,0.05,0.8,0.8,9,5,55.6,9.0,5.0,0.44,0.8,18.6,0,0.11,3.0,3.0,242,332,72.9,4770,1967,85,105,81.0,113,137,82.5,38,65,58.5,0.6,0.8,4,17,6,2,599,694,86.3,11368,3496,246,261,94.3,253,281,90.0,90,118,76.3,0.8,2.6,6,37,5,0,284,46,0,1,16,20,3,0,3,0,2,11,645,48,2,5,12,22,4,1,2,0,1,14,7,7.0,4,1,2,0,0,2,2.0,1,0,1,0,0,0,15,15.0,9,1,3,0,0,7,7.0,2,1,2,2,0,0,14,9,5,8,1,6,37.5,10,12,9,23,15,1,11,8,4,5,2,5,35.7,9,9,7,18,16,0,420,60,9,9,60.0,5,33.3,197,0,8,6,241,27,794,69,24,10,55.6,6,33.3,525,8,13,8,593,43,90,100,81,8,3,32,6,0.0,1,4,-3,-3.0,0.2,1.0,-0.8,-0.78,90,100,81,8,3,32,9,3.0,4,1,3,3.0,1.0,0.2,0.8,0.78,0,14,0,0,0,37,10,45.5,0,13,0,0,0,51,12,54.5
35,Getafe,es La Liga,16,28.5,31.5,2,22,180,2.0,0,0,0,0,0,0,13,1,1.3,1.3,1.1,2.3,15,44,0.0,0.0,0.0,0.0,0.0,0.64,0.54,1.17,0.64,1.17,2024,35,es La Liga,16,26.9,68.5,2,22,180,2.0,3,2,5,3,0,0,4,1,2.9,2.9,2.4,5.2,47,84,1.5,1.0,2.5,1.5,2.5,1.43,1.18,2.6,1.43,2.6,2024,Getafe_2024,14,4,28.6,7.0,2.0,0.0,0.0,17.1,1,0.09,-1.3,-1.3,21,9,42.9,10.5,4.5,0.14,0.33,18.6,2,0.14,0.1,0.1,395,592,66.7,8256,3767,147,177,83.1,149,207,72.0,76,153,49.7,1.7,-1.1,10,46,15,5,1152,1325,86.9,19049,6344,548,591,92.7,501,552,90.8,71,129,55.0,2.5,-0.4,15,83,16,1,495,91,2,9,38,37,5,2,3,0,6,15,1221,99,6,10,28,28,7,5,1,0,5,5,26,13.0,22,4,0,0,0,0,0.0,0,0,0,0,0,0,41,20.5,34,1,2,3,0,6,3.0,6,0,0,0,0,0,32,17,15,8,9,16,53.3,14,5,19,51,37,1,25,17,16,9,0,15,75.0,5,13,7,32,44,0,784,102,29,5,21.7,15,65.2,348,2,28,10,391,43,1535,133,37,14,41.2,16,47.1,930,9,35,16,1137,83,90,100,80,14,7,27,9,0.5,0,3,-3,-1.5,1.3,2.9,-1.6,-0.79,90,100,80,14,7,27,12,2.0,3,0,3,1.5,2.9,1.3,1.6,0.79,1,40,0,0,0,91,29,43.3,0,22,0,0,0,102,38,56.7
36,Girona,es La Liga,17,26.9,57.5,2,22,180,2.0,4,3,7,4,0,0,7,0,2.2,2.2,1.8,4.1,22,54,2.0,1.5,3.5,2.0,3.5,1.11,0.92,2.03,1.11,2.03,2024,36,es La Liga,17,27.0,42.5,2,22,180,2.0,1,1,2,1,0,0,8,0,1.7,1.7,1.3,3.1,24,57,0.5,0.5,1.0,0.5,1.0,0.87,0.67,1.54,0.87,1.54,2024,Girona_2024,13,7,53.8,6.5,3.5,0.31,0.57,14.3,1,0.17,1.8,1.8,24,4,16.7,12.0,2.0,0.04,0.25,19.2,2,0.07,-0.7,-0.7,841,1016,82.8,15174,5195,341,371,91.9,412,458,90.0,67,142,47.2,2.6,1.2,10,49,12,1,540,736,73.4,10302,4100,213,247,86.2,236,301,78.4,73,140,52.1,1.3,-0.3,17,51,17,5,900,110,2,9,25,34,4,2,1,0,6,8,645,89,2,6,31,45,6,4,2,0,2,18,25,12.5,22,1,0,1,0,8,4.0,8,0,0,0,0,0,40,20.0,33,3,1,1,1,1,0.5,1,0,0,0,0,0,31,18,17,12,2,18,58.1,13,16,8,39,40,0,38,26,14,15,9,16,66.7,8,7,11,49,22,1,1227,175,31,8,26.7,16,53.3,663,7,39,22,831,54,923,89,34,13,33.3,18,46.2,520,5,33,13,535,57,90,100,84,12,10,14,12,2.0,4,1,3,1.5,2.2,1.7,0.5,0.24,90,100,84,12,10,14,11,0.5,1,4,-3,-1.5,1.7,2.2,-0.5,-0.24,0,20,0,0,0,99,33,50.0,0,42,0,0,0,97,33,50.0
37,Granada,es La Liga,18,27.5,51.0,2,22,180,2.0,1,1,2,1,0,0,3,1,2.1,2.1,1.6,3.7,36,54,0.5,0.5,1.0,0.5,1.0,1.07,0.79,1.85,1.07,1.85,2024,37,es La Liga,18,30.0,49.0,2,22,180,2.0,5,3,8,5,0,0,4,0,4.5,4.5,3.5,8.1,38,77,2.5,1.5,4.0,2.5,4.0,2.27,1.77,4.04,2.27,4.04,2024,Granada_2024,21,11,52.4,10.5,5.5,0.05,0.09,15.5,0,0.1,-1.1,-1.1,31,15,48.4,15.5,7.5,0.16,0.33,16.2,2,0.15,0.5,0.5,766,975,78.6,14539,5028,312,349,89.4,351,405,86.7,93,178,52.2,2.0,-0.6,16,41,13,3,720,922,78.1,12961,5421,339,389,87.1,265,323,82.0,93,148,62.8,2.9,-0.5,24,49,24,7,863,111,1,8,34,42,8,3,3,0,1,20,810,102,4,11,36,55,9,6,1,0,10,14,35,17.5,22,2,5,0,2,2,1.0,1,0,0,0,0,1,55,27.5,40,4,4,4,0,9,4.5,7,0,1,1,0,0,38,20,20,14,4,13,37.1,22,13,9,47,33,1,33,18,15,15,3,13,46.4,15,15,21,54,32,1,1180,143,31,15,50.0,13,43.3,728,5,29,20,759,54,1142,98,54,22,62.9,13,37.1,650,12,30,25,710,76,90,100,84,12,10,13,13,0.0,1,5,-4,-2.0,2.1,4.5,-2.4,-1.21,90,100,84,12,10,13,14,3.0,5,1,4,2.0,4.5,2.1,2.4,1.21,0,23,0,0,0,110,22,42.3,0,26,0,0,0,121,30,57.7
38,Heidenheim,de Bundesliga,16,26.9,52.0,1,11,90,1.0,0,0,0,0,0,0,0,0,1.2,1.2,1.0,2.2,17,41,0.0,0.0,0.0,0.0,0.0,1.17,1.02,2.19,1.17,2.19,2024,38,de Bundesliga,16,25.5,48.0,1,11,90,1.0,2,2,4,2,0,0,3,0,2.2,2.2,1.2,3.3,21,42,2.0,2.0,4.0,2.0,4.0,2.18,1.15,3.33,2.18,3.33,2024,Heidenheim_2024,14,1,7.1,14.0,1.0,0.0,0.0,16.3,0,0.08,-1.2,-1.2,18,8,44.4,18.0,8.0,0.11,0.25,15.5,0,0.12,-0.2,-0.2,420,542,77.5,8504,2976,134,172,77.9,210,229,91.7,67,103,65.0,1.4,-1.0,10,32,9,3,409,505,81.0,7381,2770,168,188,89.4,202,229,88.2,30,54,55.6,1.0,0.8,13,23,8,1,487,55,0,2,24,25,7,4,3,0,0,19,467,36,2,3,8,18,1,1,0,0,2,13,22,22.0,15,2,3,0,0,0,0.0,0,0,0,0,0,0,33,33.0,28,0,4,0,1,4,4.0,4,0,0,0,0,0,20,11,9,8,3,12,63.2,7,13,13,33,7,2,17,11,13,2,2,13,50.0,13,17,16,33,17,0,655,61,20,13,44.8,13,44.8,351,2,15,4,418,41,649,59,24,7,33.3,12,57.1,337,7,20,8,406,41,90,100,74,6,5,35,4,0.0,0,2,-2,-2.0,1.2,2.2,-1.0,-1.0,90,100,74,6,5,35,4,3.0,2,0,2,2.0,2.2,1.2,1.0,1.0,0,9,0,0,0,51,21,53.8,0,10,0,0,0,64,18,46.2
39,Hellas Verona,it Serie A,16,25.2,52.0,1,11,90,1.0,1,0,1,1,0,0,2,0,0.5,0.5,0.4,0.9,16,21,1.0,0.0,1.0,1.0,1.0,0.51,0.43,0.94,0.51,0.94,2024,39,it Serie A,16,26.0,48.0,1,11,90,1.0,0,0,0,0,0,0,2,0,0.7,0.7,0.4,1.1,9,15,0.0,0.0,0.0,0.0,0.0,0.7,0.43,1.13,0.7,1.13,2024,Hellas Verona_2024,10,4,40.0,10.0,4.0,0.1,0.25,18.2,0,0.05,0.5,0.5,10,4,40.0,10.0,4.0,0.0,0.0,22.8,2,0.07,-0.7,-0.7,272,396,68.7,5858,2469,100,133,75.2,107,137,78.1,62,105,59.0,0.7,-0.4,8,15,4,2,234,367,63.8,4446,1722,93,120,77.5,110,142,77.5,27,80,33.8,0.2,-0.4,5,8,3,0,337,56,1,7,14,24,4,3,0,0,3,11,298,67,2,1,5,37,2,2,0,0,2,12,17,17.0,10,3,2,1,0,0,0.0,0,0,0,0,0,0,17,17.0,12,1,1,2,0,0,0.0,0,0,0,0,0,0,20,12,14,6,0,13,76.5,4,11,11,31,21,0,12,6,6,5,1,7,63.6,4,9,5,17,13,1,506,57,16,4,28.6,7,50.0,279,3,15,5,267,21,457,50,13,4,19.0,13,61.9,206,3,6,7,227,15,90,100,84,6,5,14,6,3.0,1,0,1,1.0,0.5,0.7,-0.2,-0.19,90,100,84,6,5,14,7,0.0,0,1,-1,-1.0,0.7,0.5,0.2,0.19,0,18,0,0,0,59,29,72.5,0,17,0,0,0,49,11,27.5
40,Hoffenheim,de Bundesliga,15,28.8,50.0,1,11,90,1.0,1,0,1,1,0,0,0,0,1.4,1.4,1.0,2.4,27,55,1.0,0.0,1.0,1.0,1.0,1.38,1.04,2.43,1.38,2.43,2024,40,de Bundesliga,15,27.5,50.0,1,11,90,1.0,1,0,1,1,0,0,1,0,2.6,2.6,1.8,4.4,23,31,1.0,0.0,1.0,1.0,1.0,2.65,1.79,4.44,2.65,4.44,2024,Hoffenheim_2024,22,4,18.2,22.0,4.0,0.05,0.25,17.6,0,0.06,-0.4,-0.4,18,7,38.9,18.0,7.0,0.06,0.14,14.8,0,0.15,-1.6,-1.6,385,502,76.7,7744,3332,134,163,82.2,201,232,86.6,49,86,57.0,1.7,-1.0,16,42,11,3,369,494,74.7,6684,2605,164,196,83.7,153,181,84.5,43,91,47.3,1.4,-1.8,15,24,11,4,457,42,1,5,24,16,4,1,1,0,3,14,456,38,0,3,23,15,2,0,0,0,0,6,37,37.0,28,3,0,1,0,1,1.0,0,0,0,1,0,0,33,33.0,27,1,2,1,0,1,1.0,0,0,0,1,0,0,11,5,5,5,1,6,30.0,14,6,7,18,24,0,17,7,11,5,1,5,55.6,4,13,11,28,15,0,623,80,36,4,36.4,5,45.5,349,8,10,12,382,55,610,82,28,14,60.9,6,26.1,378,7,10,5,365,30,90,100,83,7,4,20,5,0.0,1,2,-1,-1.0,1.4,2.6,-1.3,-1.26,90,100,83,7,4,20,4,3.0,2,1,1,1.0,2.6,1.4,1.3,1.26,0,9,0,0,1,54,20,44.4,0,9,0,0,0,57,25,55.6
41,Inter,it Serie A,16,29.4,47.0,1,11,90,1.0,2,2,4,2,0,0,1,0,2.7,2.7,2.4,5.1,23,46,2.0,2.0,4.0,2.0,4.0,2.67,2.42,5.09,2.67,5.09,2024,41,it Serie A,16,28.5,53.0,1,11,90,1.0,0,0,0,0,0,0,1,0,0.8,0.8,0.5,1.2,23,43,0.0,0.0,0.0,0.0,0.0,0.78,0.46,1.24,0.78,1.24,2024,Inter_2024,22,3,13.6,22.0,3.0,0.09,0.67,17.2,1,0.12,-0.7,-0.7,12,2,16.7,12.0,2.0,0.0,0.0,17.8,0,0.06,-0.8,-0.8,448,509,88.0,7722,2716,226,245,92.2,144,159,90.6,58,78,74.4,1.9,-0.4,19,41,9,3,508,567,89.6,9415,2922,200,214,93.5,240,260,92.3,59,72,81.9,0.7,-0.5,9,32,14,3,470,38,5,14,21,9,8,1,5,0,1,6,519,47,0,3,14,15,3,0,3,0,1,9,40,40.0,30,5,0,2,1,4,4.0,4,0,0,0,0,0,20,20.0,19,0,1,0,0,0,0.0,0,0,0,0,0,0,17,13,12,4,1,10,62.5,6,7,9,26,14,0,13,10,10,2,1,8,57.1,6,4,13,26,12,0,604,58,35,6,35.3,8,47.1,377,7,5,5,441,45,655,83,24,6,37.5,10,62.5,395,5,10,7,504,43,90,100,82,6,5,18,7,3.0,2,0,2,2.0,2.7,0.8,1.9,1.89,90,100,82,6,5,18,8,0.0,0,2,-2,-2.0,0.8,2.7,-1.9,-1.89,0,8,0,0,0,40,9,60.0,0,13,0,0,0,27,6,40.0
42,Juventus,it Serie A,16,26.9,51.0,1,11,90,1.0,3,2,5,2,1,1,3,0,1.8,1.1,1.0,2.1,18,19,3.0,2.0,5.0,2.0,4.0,1.81,1.01,2.83,1.06,2.07,2024,42,it Serie A,16,26.6,49.0,1,11,90,1.0,0,0,0,0,0,0,1,0,1.0,1.0,0.8,1.8,32,40,0.0,0.0,0.0,0.0,0.0,0.98,0.83,1.81,0.98,1.81,2024,Juventus_2024,8,3,37.5,8.0,3.0,0.25,0.67,17.0,0,0.13,1.2,0.9,18,5,27.8,18.0,5.0,0.0,0.0,22.8,1,0.06,-1.0,-1.0,411,503,81.7,6766,2308,203,231,87.9,161,179,89.9,35,65,53.8,0.7,1.0,7,19,5,2,406,479,84.8,7283,2308,166,180,92.2,179,198,90.4,46,72,63.9,0.9,-0.8,14,40,9,3,458,41,2,3,8,9,3,0,2,0,4,7,430,46,1,5,24,17,7,5,0,0,3,6,14,14.0,12,1,0,0,1,4,4.0,4,0,0,0,0,0,34,34.0,28,1,1,1,0,0,0.0,0,0,0,0,0,0,21,14,11,9,1,13,65.0,7,4,5,26,21,0,11,6,6,1,4,5,35.7,9,7,7,18,10,2,606,84,20,9,47.4,5,26.3,361,6,10,6,405,19,577,39,19,7,31.8,13,59.1,405,5,17,8,405,40,90,100,78,6,5,26,9,3.0,3,0,3,3.0,1.8,1.0,0.8,0.83,90,100,78,6,5,26,10,0.0,0,3,-3,-3.0,1.0,1.8,-0.8,-0.83,0,10,0,0,0,42,9,56.3,0,12,0,1,0,50,7,43.8
43,Köln,de Bundesliga,15,26.5,34.0,1,11,90,1.0,0,0,0,0,0,0,0,0,1.2,1.2,1.2,2.5,27,34,0.0,0.0,0.0,0.0,0.0,1.24,1.24,2.49,1.24,2.49,2024,43,de Bundesliga,15,28.0,66.0,1,11,90,1.0,1,1,2,1,0,0,1,0,1.8,1.8,1.7,3.5,16,68,1.0,1.0,2.0,1.0,2.0,1.75,1.7,3.45,1.75,3.45,2024,Köln_2024,11,4,36.4,11.0,4.0,0.0,0.0,16.5,0,0.11,-1.2,-1.2,13,2,15.4,13.0,2.0,0.08,0.5,12.5,0,0.16,-0.8,-0.8,288,390,73.8,4869,2034,122,150,81.3,126,158,79.7,25,50,50.0,2.0,-1.2,11,24,10,2,649,746,87.0,11871,3663,262,288,91.0,307,338,90.8,65,81,80.2,0.9,-0.7,11,48,4,1,338,50,2,2,20,24,3,1,2,0,2,10,698,47,1,5,18,20,6,1,5,0,1,14,21,21.0,19,1,0,1,0,0,0.0,0,0,0,0,0,0,20,20.0,7,6,1,1,0,1,1.0,0,0,0,1,0,0,20,14,14,4,2,13,52.0,12,13,12,32,23,0,11,8,4,6,1,5,41.7,7,8,10,21,16,0,510,63,29,7,53.8,5,38.5,258,6,12,6,285,34,862,65,22,12,48.0,13,52.0,628,6,22,7,645,68,90,100,82,7,4,23,5,0.0,0,1,-1,-1.0,1.2,1.8,-0.5,-0.51,90,100,82,7,4,23,4,3.0,1,0,1,1.0,1.8,1.2,0.5,0.51,0,11,0,0,0,48,14,48.3,0,13,0,0,0,58,15,51.7
44,Las Palmas,es La Liga,18,27.5,64.5,2,22,180,2.0,1,0,1,0,1,1,3,0,1.5,0.7,0.5,1.2,22,72,0.5,0.0,0.5,0.0,0.0,0.73,0.26,0.99,0.33,0.59,2024,44,es La Liga,18,26.8,35.5,2,22,180,2.0,2,1,3,1,1,2,2,0,3.1,1.6,1.6,3.2,24,47,1.0,0.5,1.5,0.5,1.0,1.54,0.78,2.33,0.81,1.59,2024,Las Palmas_2024,11,2,18.2,5.5,1.0,0.0,0.0,25.8,1,0.06,-0.5,-0.7,18,5,27.8,9.0,2.5,0.06,0.2,18.6,0,0.09,-1.1,-0.6,1091,1277,85.4,16339,5534,630,676,93.2,381,425,89.6,50,109,45.9,0.6,-0.5,8,63,10,1,519,713,72.8,10036,3724,207,248,83.5,223,271,82.3,70,149,47.0,1.3,-0.6,15,39,9,2,1160,115,2,3,14,48,7,1,1,0,2,14,621,84,5,11,37,46,12,5,5,0,8,9,22,11.0,19,0,1,2,0,2,1.0,1,0,0,0,1,0,37,18.5,24,7,1,1,2,2,1.0,1,1,0,0,0,0,33,18,14,15,4,11,42.3,15,8,16,49,34,0,41,25,18,20,3,21,46.7,24,11,24,65,16,0,1477,110,17,24,49.0,21,42.9,965,5,26,20,1081,71,895,81,30,15,53.6,11,39.3,478,6,24,22,514,46,90,100,80,14,8,27,16,0.5,1,2,-1,-0.5,1.5,3.1,-1.6,-0.82,90,100,80,14,8,27,13,2.0,2,1,1,0.5,3.1,1.5,1.6,0.82,0,17,1,2,0,82,25,50.0,0,34,1,1,0,101,25,50.0
45,Lazio,it Serie A,16,29.7,52.0,1,11,90,1.0,1,1,2,1,0,0,2,0,1.6,1.6,1.6,3.2,15,45,1.0,1.0,2.0,1.0,2.0,1.58,1.58,3.16,1.58,3.16,2024,45,it Serie A,16,24.7,48.0,1,11,90,1.0,2,2,4,2,0,0,3,0,1.4,1.4,1.2,2.7,26,47,2.0,2.0,4.0,2.0,4.0,1.44,1.24,2.69,1.44,2.69,2024,Lazio_2024,10,4,40.0,10.0,4.0,0.1,0.25,18.1,1,0.16,-0.6,-0.6,23,7,30.4,23.0,7.0,0.09,0.29,20.4,1,0.06,0.6,0.6,455,541,84.1,6917,2691,247,271,91.1,167,192,87.0,27,51,52.9,1.2,-0.6,10,26,8,0,419,501,83.6,7307,2342,180,200,90.0,190,213,89.2,35,58,60.3,0.8,0.8,18,25,10,3,500,40,7,2,8,12,2,1,1,0,1,10,448,51,0,3,16,19,5,1,0,0,2,8,18,18.0,14,1,2,0,0,2,2.0,2,0,0,0,0,0,42,42.0,33,3,1,1,1,4,4.0,4,0,0,0,0,0,21,12,13,7,1,13,43.3,17,6,10,31,22,1,8,3,2,5,1,3,37.5,5,11,8,16,13,0,652,73,15,5,45.5,3,27.3,315,2,13,5,449,44,615,59,31,17,51.5,13,39.4,411,9,15,8,416,47,90,100,80,6,5,23,7,0.0,1,2,-1,-1.0,1.6,1.4,0.1,0.14,90,100,80,6,5,23,10,3.0,2,1,1,1.0,1.4,1.6,-0.1,-0.14,0,16,0,0,0,47,8,50.0,0,12,0,0,0,51,8,50.0
46,Le Havre,fr Ligue 1,18,25.8,49.0,2,22,180,2.0,3,3,6,3,0,0,2,0,2.2,2.2,2.1,4.3,35,85,1.5,1.5,3.0,1.5,3.0,1.11,1.04,2.15,1.11,2.15,2024,46,fr Ligue 1,18,27.6,51.0,2,22,180,2.0,4,4,8,4,0,0,3,0,2.7,2.7,2.2,4.9,30,67,2.0,2.0,4.0,2.0,4.0,1.35,1.1,2.45,1.35,2.45,2024,Le Havre_2024,30,11,36.7,15.0,5.5,0.1,0.27,19.2,0,0.08,0.8,0.8,24,10,41.7,12.0,5.0,0.17,0.4,15.2,1,0.11,1.3,1.3,673,900,74.8,11727,4637,291,357,81.5,295,367,80.4,59,125,47.2,2.0,0.9,27,50,16,3,714,935,76.4,14323,5361,262,305,85.9,328,394,83.2,104,186,55.9,2.2,1.8,16,52,12,4,796,100,0,1,26,42,7,4,2,0,4,21,817,111,3,4,34,42,7,2,4,0,7,14,55,27.5,39,6,2,1,3,5,2.5,3,0,1,1,0,0,41,20.5,24,6,1,6,2,7,3.5,5,1,1,0,0,0,27,19,15,10,2,17,54.8,14,12,15,42,33,1,40,24,19,17,4,25,46.3,29,18,17,57,35,0,1129,113,46,29,50.0,25,43.1,756,7,34,15,662,84,1170,129,31,14,41.2,17,50.0,790,5,46,10,704,66,90,100,79,12,10,23,8,0.5,3,4,-1,-0.5,2.2,2.7,-0.5,-0.24,90,100,79,12,10,23,8,2.0,4,3,1,0.5,2.7,2.2,0.5,0.24,0,30,0,0,0,124,44,53.0,0,23,0,0,0,116,39,47.0
47,Lecce,it Serie A,16,24.7,48.0,1,11,90,1.0,2,2,4,2,0,0,3,0,1.4,1.4,1.2,2.7,26,47,2.0,2.0,4.0,2.0,4.0,1.44,1.24,2.69,1.44,2.69,2024,47,it Serie A,16,29.7,52.0,1,11,90,1.0,1,1,2,1,0,0,2,0,1.6,1.6,1.6,3.2,15,45,1.0,1.0,2.0,1.0,2.0,1.58,1.58,3.16,1.58,3.16,2024,Lecce_2024,23,7,30.4,23.0,7.0,0.09,0.29,20.4,1,0.06,0.6,0.6,10,4,40.0,10.0,4.0,0.1,0.25,18.1,1,0.16,-0.6,-0.6,419,501,83.6,7307,2342,180,200,90.0,190,213,89.2,35,58,60.3,0.8,0.8,18,25,10,3,455,541,84.1,6917,2691,247,271,91.1,167,192,87.0,27,51,52.9,1.2,-0.6,10,26,8,0,448,51,0,3,16,19,5,1,0,0,2,8,500,40,7,2,8,12,2,1,1,0,1,10,42,42.0,33,3,1,1,1,4,4.0,4,0,0,0,0,0,18,18.0,14,1,2,0,0,2,2.0,2,0,0,0,0,0,8,3,2,5,1,3,37.5,5,11,8,16,13,0,21,12,13,7,1,13,43.3,17,6,10,31,22,1,615,59,31,17,51.5,13,39.4,411,9,15,8,416,47,652,73,15,5,45.5,3,27.3,315,2,13,5,449,44,90,100,81,6,5,20,10,3.0,2,1,1,1.0,1.4,1.6,-0.1,-0.14,90,100,81,6,5,20,7,0.0,1,2,-1,-1.0,1.6,1.4,0.1,0.14,0,12,0,0,0,51,8,50.0,0,16,0,0,0,47,8,50.0
48,Lens,fr Ligue 1,17,27.1,51.0,2,22,180,2.0,3,2,5,3,0,0,5,1,1.7,1.7,1.4,3.1,36,92,1.5,1.0,2.5,1.5,2.5,0.84,0.72,1.56,0.84,1.56,2024,48,fr Ligue 1,17,26.2,49.0,2,22,180,2.0,4,0,4,1,3,3,3,0,4.0,1.6,0.7,2.3,30,67,2.0,0.0,2.0,0.5,0.5,1.98,0.37,2.35,0.79,1.16,2024,Lens_2024,23,6,26.1,11.5,3.0,0.13,0.5,17.2,2,0.07,1.3,1.3,22,10,45.5,11.0,5.0,0.05,0.1,20.7,1,0.07,0.0,-0.6,765,979,78.1,13381,4733,342,407,84.0,304,358,84.9,79,139,56.8,1.5,0.6,18,73,16,8,757,942,80.4,14300,4869,277,326,85.0,357,407,87.7,91,149,61.1,0.9,-0.7,14,60,12,2,876,98,2,7,52,40,19,8,9,0,5,27,842,99,1,2,30,41,6,6,0,0,1,23,42,21.0,34,3,1,3,0,5,2.5,3,1,0,1,0,0,43,21.5,29,2,2,5,2,7,3.5,4,0,0,0,3,0,37,17,14,18,5,20,57.1,15,22,8,45,25,1,33,18,15,7,11,12,50.0,12,21,17,50,50,0,1205,104,44,12,42.9,12,42.9,839,8,33,21,754,91,1203,154,36,15,38.5,20,51.3,847,5,41,17,749,65,90,100,82,12,10,16,8,0.5,3,4,-1,-0.5,1.7,4.0,-2.3,-1.14,90,100,82,12,10,16,9,2.0,4,3,1,0.5,4.0,1.7,2.3,1.14,0,30,0,3,0,116,32,54.2,0,23,3,0,0,103,27,45.8
49,Leverkusen,de Bundesliga,15,26.4,44.0,1,11,90,1.0,3,3,6,3,0,0,1,0,1.4,1.4,1.3,2.7,29,26,3.0,3.0,6.0,3.0,6.0,1.41,1.26,2.67,1.41,2.67,2024,49,de Bundesliga,15,26.2,56.0,1,11,90,1.0,2,2,4,2,0,0,2,0,1.6,1.6,1.2,2.8,21,41,2.0,2.0,4.0,2.0,4.0,1.58,1.23,2.81,1.58,2.81,2024,Leverkusen_2024,11,7,63.6,11.0,7.0,0.27,0.43,19.0,0,0.13,1.6,1.6,14,6,42.9,14.0,6.0,0.14,0.33,15.5,0,0.11,0.4,0.4,380,475,80.0,6130,2150,191,214,89.3,144,177,81.4,28,52,53.8,1.5,1.7,8,31,8,3,509,599,85.0,8967,2911,217,241,90.0,252,278,90.6,36,64,56.3,1.5,0.8,11,29,8,2,438,35,1,3,15,12,4,3,0,0,2,8,546,53,1,3,13,23,5,3,2,0,0,12,18,18.0,12,1,4,0,0,6,6.0,4,1,0,1,0,0,22,22.0,17,3,1,0,0,3,3.0,1,2,0,0,0,0,15,11,5,6,4,8,47.1,9,10,8,23,15,0,16,9,9,7,0,9,45.0,11,7,8,24,12,0,574,47,14,11,50.0,9,40.9,307,3,9,7,375,26,691,71,18,9,47.4,8,42.1,515,3,13,7,503,41,90,100,87,7,4,8,5,3.0,3,2,1,1.0,1.4,1.6,-0.2,-0.17,90,100,87,7,4,8,4,0.0,2,3,-1,-1.0,1.6,1.4,0.2,0.17,0,13,0,0,0,61,12,48.0,0,10,0,0,0,47,13,52.0
50,Lille,fr Ligue 1,18,25.4,62.0,2,22,180,2.0,3,2,5,3,0,0,2,1,3.6,3.6,2.6,6.2,46,97,1.5,1.0,2.5,1.5,2.5,1.79,1.32,3.11,1.79,3.11,2024,50,fr Ligue 1,18,26.8,38.0,2,22,180,2.0,1,1,2,1,0,0,5,0,2.2,2.2,1.9,4.1,41,44,0.5,0.5,1.0,0.5,1.0,1.11,0.93,2.04,1.11,2.04,2024,Lille_2024,30,12,40.0,15.0,6.0,0.1,0.25,15.9,2,0.13,-0.6,-0.6,22,7,31.8,11.0,3.5,0.05,0.14,20.4,4,0.1,-1.2,-1.2,1044,1214,86.0,16726,5255,526,570,92.3,411,469,87.6,67,119,56.3,3.2,-0.6,23,103,20,2,602,755,79.7,11224,4404,228,256,89.1,305,348,87.6,56,112,50.0,1.1,-0.9,14,28,10,2,1119,94,6,6,41,35,10,5,3,0,1,16,675,70,2,1,26,27,8,3,2,0,10,11,48,24.0,28,3,7,3,3,4,2.0,2,1,0,1,0,0,42,21.0,26,4,6,4,0,2,1.0,2,0,0,0,0,0,37,23,9,20,8,22,42.3,30,7,14,51,22,0,31,23,18,13,0,16,40.0,24,13,13,44,41,0,1409,94,52,24,54.5,16,36.4,1105,12,24,15,1031,96,968,168,35,30,56.6,22,41.5,692,11,30,15,596,44,90,100,84,12,9,14,9,2.0,3,1,2,1.0,3.6,2.2,1.3,0.67,90,100,84,12,9,14,9,0.5,1,3,-2,-1.0,2.2,3.6,-1.3,-0.67,0,17,0,0,0,109,14,46.7,0,28,0,0,0,102,16,53.3
51,Liverpool,eng Premier League,18,27.0,49.5,2,22,180,2.0,4,1,5,4,0,1,4,1,4.3,3.4,2.1,5.5,42,74,2.0,0.5,2.5,2.0,2.5,2.16,1.05,3.21,1.68,2.73,2024,51,eng Premier League,18,25.4,50.5,2,22,180,2.0,2,2,4,2,0,0,6,0,2.6,2.6,2.1,4.7,39,92,1.0,1.0,2.0,1.0,2.0,1.32,1.04,2.35,1.32,2.35,2024,Liverpool_2024,38,10,26.3,19.0,5.0,0.11,0.4,17.2,1,0.09,-0.3,0.6,23,9,39.1,11.5,4.5,0.09,0.22,16.9,2,0.12,-0.6,-0.6,856,1051,81.4,14629,5594,379,429,88.3,365,413,88.4,81,147,55.1,1.8,-1.1,25,55,18,2,904,1118,80.9,14944,5326,457,511,89.4,342,402,85.1,75,129,58.1,1.7,-0.1,17,67,19,5,957,89,5,11,28,29,14,5,7,0,5,21,1013,99,5,3,36,44,6,2,1,0,6,33,64,32.0,42,7,4,2,1,6,3.0,3,0,1,2,0,0,40,20.0,26,2,4,3,3,3,1.5,3,0,0,0,0,0,34,20,16,15,3,13,36.1,23,30,21,55,54,1,31,20,14,14,3,17,38.6,27,20,21,52,45,0,1308,144,60,27,57.4,17,36.2,715,12,33,14,851,73,1362,139,52,23,52.3,13,29.5,859,14,37,21,896,91,90,100,82,12,9,16,9,2.0,4,2,2,1.0,4.3,2.6,1.7,0.84,90,100,82,12,9,16,9,0.5,2,4,-2,-1.0,2.6,4.3,-1.7,-0.84,0,24,1,0,0,120,25,53.2,0,18,0,1,0,124,22,46.8
52,Lorient,fr Ligue 1,17,26.2,31.5,2,22,180,2.0,1,1,2,1,0,0,1,0,1.0,1.0,0.7,1.7,21,38,0.5,0.5,1.0,0.5,1.0,0.48,0.35,0.83,0.48,0.83,2024,52,fr Ligue 1,17,25.6,68.5,2,22,180,2.0,1,0,1,1,0,0,1,0,3.0,3.0,2.3,5.3,51,116,0.5,0.0,0.5,0.5,0.5,1.49,1.16,2.65,1.49,2.65,2024,Lorient_2024,13,2,15.4,6.5,1.0,0.08,0.5,22.0,0,0.07,0.0,0.0,41,12,29.3,20.5,6.0,0.02,0.08,18.4,2,0.07,-2.0,-2.0,647,786,82.3,10668,3740,323,351,92.0,261,298,87.6,43,93,46.2,0.6,0.3,8,34,8,1,1605,1757,91.3,24979,6645,808,847,95.4,653,695,94.0,83,118,70.3,3.9,-2.3,32,185,28,12,720,63,2,2,8,18,2,0,1,0,3,17,1691,65,0,7,56,24,18,8,6,0,1,24,17,8.5,12,0,2,0,2,1,0.5,1,0,0,0,0,0,73,36.5,60,2,4,2,2,2,1.0,2,0,0,0,0,0,34,18,26,8,0,16,47.1,18,19,22,56,59,0,25,19,5,11,9,11,47.8,12,17,17,42,8,1,1024,186,19,12,50.0,11,45.8,723,4,28,14,638,38,1957,64,73,18,45.0,16,40.0,1665,17,30,18,1590,115,90,100,81,14,8,24,10,1.0,1,1,0,0.0,1.0,3.0,-2.0,-1.0,90,100,81,14,8,24,10,1.0,1,1,0,0.0,3.0,1.0,2.0,1.0,0,14,0,0,0,100,22,52.4,0,18,0,0,0,125,20,47.6
53,Luton Town,eng Premier League,16,27.1,30.0,1,11,90,1.0,1,0,1,0,1,1,2,0,1.5,0.7,0.7,1.3,13,27,1.0,0.0,1.0,0.0,0.0,1.46,0.66,2.12,0.67,1.33,2024,53,eng Premier League,16,28.7,70.0,1,11,90,1.0,4,2,6,3,1,1,2,0,4.0,3.2,2.9,6.1,29,64,4.0,2.0,6.0,3.0,5.0,4.0,2.93,6.93,3.21,6.14,2024,Luton Town_2024,8,2,25.0,8.0,2.0,0.0,0.0,16.6,0,0.09,-0.5,-0.7,26,11,42.3,26.0,11.0,0.12,0.27,17.0,0,0.12,0.0,-0.2,189,276,68.5,4180,2101,75,94,79.8,73,89,82.0,40,79,50.6,1.1,-0.7,7,17,6,3,579,651,88.9,9392,3379,293,312,93.9,234,249,94.0,35,58,60.3,2.9,-0.9,23,40,17,5,228,45,0,4,22,11,7,1,6,0,3,6,603,46,1,2,23,16,6,1,2,0,2,7,16,16.0,12,2,0,0,1,1,1.0,1,0,0,0,0,0,48,48.0,36,5,2,3,0,6,6.0,5,0,0,0,1,0,17,12,9,6,2,9,60.0,6,5,9,26,28,2,13,10,5,6,2,7,87.5,1,6,4,17,14,0,395,87,19,1,9.1,7,63.6,189,5,13,6,187,27,769,73,49,6,31.6,9,47.4,557,11,19,8,574,64,90,100,83,6,5,15,4,0.0,1,4,-3,-3.0,1.5,4.0,-2.5,-2.54,90,100,83,6,5,15,4,3.0,4,1,3,3.0,4.0,1.5,2.5,2.54,0,12,0,1,0,41,21,63.6,0,11,1,1,0,50,12,36.4
54,Lyon,fr Ligue 1,15,25.4,63.5,2,22,180,2.0,2,2,4,2,0,0,6,1,2.1,2.1,1.7,3.8,54,123,1.0,1.0,2.0,1.0,2.0,1.04,0.87,1.91,1.04,1.91,2024,54,fr Ligue 1,15,27.1,36.5,2,22,180,2.0,6,3,9,6,0,0,3,0,4.2,4.2,3.3,7.5,31,48,3.0,1.5,4.5,3.0,4.5,2.1,1.64,3.74,2.1,3.74,2024,Lyon_2024,30,10,33.3,15.0,5.0,0.07,0.2,17.9,2,0.07,-0.1,-0.1,22,10,45.5,11.0,5.0,0.27,0.6,20.0,2,0.19,1.8,1.8,1017,1192,85.3,17850,6205,438,491,89.2,463,518,89.4,84,130,64.6,2.6,0.3,22,90,24,4,504,675,74.7,9404,4237,201,243,82.7,216,254,85.0,63,134,47.0,1.1,-0.3,14,40,5,0,1095,93,3,15,34,39,12,2,7,0,4,23,577,91,1,3,20,29,3,2,1,0,7,14,48,24.0,33,4,1,3,0,4,2.0,4,0,0,0,0,0,37,18.5,25,1,7,3,0,9,4.5,5,0,3,0,1,0,36,19,9,18,9,15,38.5,24,13,14,50,21,1,42,30,28,11,3,27,48.2,29,18,22,64,40,0,1399,104,65,29,49.2,27,45.8,1089,20,30,15,1005,122,889,150,27,24,54.5,15,34.1,591,12,26,21,497,47,90,100,83,16,5,28,12,0.0,2,6,-4,-2.0,2.1,4.2,-2.1,-1.05,90,100,83,16,5,28,9,3.0,6,2,4,2.0,4.2,2.1,2.1,1.05,0,31,0,0,0,100,24,66.7,0,17,0,0,0,102,12,33.3
55,M'Gladbach,de Bundesliga,16,25.4,44.0,1,11,90,1.0,4,3,7,3,1,1,2,0,1.7,0.9,0.9,1.9,19,23,4.0,3.0,7.0,3.0,6.0,1.72,0.93,2.65,0.93,1.86,2024,55,de Bundesliga,16,25.4,56.0,1,11,90,1.0,4,3,7,3,1,1,1,0,2.3,1.5,1.4,2.9,17,44,4.0,3.0,7.0,3.0,6.0,2.28,1.41,3.68,1.49,2.9,2024,M'Gladbach_2024,9,4,44.4,9.0,4.0,0.33,0.75,17.0,0,0.1,2.3,2.1,19,6,31.6,19.0,6.0,0.16,0.5,19.1,1,0.08,1.7,1.5,305,406,75.1,5666,2153,143,167,85.6,124,150,82.7,36,79,45.6,0.6,2.1,9,25,7,3,423,524,80.7,7014,2777,205,220,93.2,173,207,83.6,29,57,50.9,1.9,1.6,17,30,12,3,360,45,1,1,19,12,7,4,3,0,1,5,473,47,2,2,23,16,8,6,1,0,4,12,18,18.0,12,2,2,1,0,7,7.0,5,1,0,0,1,0,36,36.0,32,1,1,2,0,7,7.0,6,0,0,0,1,0,10,6,3,6,1,5,71.4,2,12,7,17,19,0,13,6,6,5,2,6,46.2,7,4,12,25,11,0,506,72,21,7,43.8,6,37.5,304,9,13,7,304,23,620,61,26,2,28.6,5,71.4,433,2,16,5,417,43,90,100,86,6,5,9,4,1.0,4,4,0,0.0,1.7,2.3,-0.6,-0.55,90,100,86,6,5,9,5,1.0,4,4,0,0.0,2.3,1.7,0.6,0.55,0,13,1,1,0,46,15,40.5,0,9,1,1,0,58,22,59.5
56,Mainz 05,de Bundesliga,16,27.7,53.0,1,11,90,1.0,1,0,1,1,0,2,5,0,2.3,0.7,0.5,1.2,11,38,1.0,0.0,1.0,1.0,1.0,2.29,0.47,2.76,0.72,1.18,2024,56,de Bundesliga,16,28.1,47.0,1,11,90,1.0,4,4,8,4,0,0,1,0,1.9,1.9,1.6,3.5,5,27,4.0,4.0,8.0,4.0,8.0,1.91,1.58,3.49,1.91,3.49,2024,Mainz 05_2024,8,1,12.5,8.0,1.0,0.13,1.0,18.5,0,0.09,-1.3,0.3,11,6,54.5,11.0,6.0,0.36,0.67,14.8,2,0.17,2.1,2.1,358,475,75.4,6659,2257,142,174,81.6,164,203,80.8,43,77,55.8,1.1,-0.5,5,29,7,2,305,417,73.1,6325,2567,97,125,77.6,162,190,85.3,43,90,47.8,1.1,2.4,7,19,7,4,434,41,0,2,17,20,1,1,0,0,0,9,367,49,1,0,15,23,3,0,2,0,1,7,17,17.0,14,0,0,1,1,1,1.0,1,0,0,0,0,0,21,21.0,12,3,1,2,1,8,8.0,7,0,1,0,0,0,13,9,7,4,2,7,70.0,3,7,14,27,11,0,7,3,3,3,1,2,66.7,1,7,4,11,21,0,570,32,18,1,33.3,2,66.7,359,1,18,5,355,38,511,69,17,3,25.0,7,58.3,303,3,11,6,301,26,90,100,81,6,5,20,4,0.0,1,4,-3,-3.0,2.3,1.9,0.4,0.39,90,100,81,6,5,20,4,3.0,4,1,3,3.0,1.9,2.3,-0.4,-0.39,0,16,1,0,0,46,25,42.4,0,15,0,2,0,45,34,57.6
57,Mallorca,es La Liga,16,28.8,36.0,2,22,180,2.0,1,1,2,1,0,1,4,0,1.9,1.2,1.1,2.4,38,47,0.5,0.5,1.0,0.5,1.0,0.96,0.57,1.53,0.62,1.19,2024,57,es La Liga,16,27.2,64.0,2,22,180,2.0,2,0,2,1,1,1,7,0,2.7,2.0,1.1,3.0,30,83,1.0,0.0,1.0,0.5,0.5,1.37,0.53,1.9,0.98,1.51,2024,Mallorca_2024,18,3,16.7,9.0,1.5,0.06,0.33,18.6,0,0.07,-0.9,-0.2,19,4,21.1,9.5,2.0,0.05,0.25,18.3,0,0.11,-0.7,-1.0,490,672,72.9,9804,3971,205,246,83.3,193,245,78.8,80,140,57.1,1.2,-0.1,13,45,9,3,1028,1190,86.4,15788,5384,594,625,95.0,351,403,87.1,60,113,53.1,1.5,-1.1,14,68,17,4,579,81,3,7,45,33,12,5,5,0,12,11,1077,111,3,4,20,42,8,3,0,0,2,10,35,17.5,22,7,1,2,1,1,0.5,0,1,0,0,0,0,36,18.0,31,1,1,1,1,3,1.5,1,0,0,1,1,0,52,33,19,26,7,22,56.4,17,7,21,73,24,1,29,16,14,13,2,11,57.9,8,9,12,41,45,0,862,100,33,8,33.3,11,45.8,476,5,25,18,481,46,1400,113,33,17,40.5,22,52.4,899,8,26,30,1018,83,90,100,75,12,10,34,14,0.5,1,2,-1,-0.5,1.9,2.7,-0.8,-0.41,90,100,75,12,10,34,15,2.0,2,1,1,0.5,2.7,1.9,0.8,0.41,0,34,1,1,0,93,30,54.5,0,22,1,1,0,85,25,45.5
58,Manchester City,eng Premier League,18,26.7,62.0,2,22,180,2.0,4,3,7,4,0,0,1,0,2.9,2.9,2.3,5.2,37,70,2.0,1.5,3.5,2.0,3.5,1.47,1.14,2.61,1.47,2.61,2024,58,eng Premier League,18,25.8,38.0,2,22,180,2.0,0,0,0,0,0,0,5,1,0.6,0.6,0.6,1.2,28,45,0.0,0.0,0.0,0.0,0.0,0.31,0.29,0.6,0.31,0.6,2024,Manchester City_2024,31,12,38.7,15.5,6.0,0.13,0.33,15.7,0,0.1,1.1,1.1,13,2,15.4,6.5,1.0,0.0,0.0,17.8,0,0.05,-0.6,-0.6,1287,1454,88.5,20945,6183,668,705,94.8,486,540,90.0,89,142,62.7,2.1,0.7,27,71,17,2,745,900,82.8,13316,4413,335,370,90.5,309,343,90.1,88,143,61.5,0.5,-0.6,12,41,10,1,1374,78,11,5,22,32,8,1,4,0,2,11,821,75,0,9,12,27,6,2,3,0,4,14,56,28.0,44,4,2,3,0,7,3.5,6,0,0,1,0,0,24,12.0,20,1,2,0,1,0,0.0,0,0,0,0,0,0,28,19,14,11,3,16,66.7,8,13,8,36,17,3,22,12,8,11,3,8,32.0,17,11,14,36,27,0,1623,140,44,17,58.6,8,27.6,992,12,20,14,1259,70,1078,164,32,8,30.8,16,61.5,636,8,28,12,742,45,90,100,85,17,5,21,13,3.0,4,0,4,2.0,2.9,0.6,2.3,1.17,90,100,85,17,5,21,8,0.0,0,4,-4,-2.0,0.6,2.9,-2.3,-1.17,0,21,0,0,0,108,16,45.7,0,22,0,0,0,93,19,54.3
59,Manchester Utd,eng Premier League,18,26.8,48.0,2,22,180,2.0,1,1,2,1,0,0,5,0,4.3,4.3,4.0,8.3,44,98,0.5,0.5,1.0,0.5,1.0,2.13,2.0,4.13,2.13,4.13,2024,59,eng Premier League,18,26.2,52.0,2,22,180,2.0,1,0,1,1,0,0,4,0,4.0,4.0,3.0,6.9,59,74,0.5,0.0,0.5,0.5,0.5,1.98,1.49,3.47,1.98,3.47,2024,Manchester Utd_2024,37,8,21.6,18.5,4.0,0.03,0.13,15.3,1,0.12,-3.3,-3.3,40,12,30.0,20.0,6.0,0.03,0.08,14.7,0,0.1,-3.0,-3.0,762,945,80.6,12624,4542,384,438,87.7,287,326,88.0,68,125,54.4,3.1,-3.0,32,62,25,1,846,1036,81.7,13874,5250,407,449,90.6,338,395,85.6,67,113,59.3,2.9,-3.0,32,55,27,7,854,86,7,8,31,32,14,0,10,0,5,17,937,95,5,7,39,34,12,7,4,0,4,28,67,33.5,47,7,2,3,3,2,1.0,2,0,0,0,0,0,72,36.0,47,6,8,4,3,2,1.0,2,0,0,0,0,0,40,22,16,18,6,22,37.9,36,26,16,56,39,0,38,19,27,8,3,19,47.5,21,16,23,61,40,0,1227,162,67,21,46.7,19,42.2,716,21,36,19,750,97,1309,193,80,36,56.3,22,34.4,789,14,39,18,827,73,90,100,81,12,10,20,8,1.5,1,2,-1,-0.5,4.3,4.0,0.3,0.15,90,100,81,12,10,20,9,1.5,2,1,1,0.5,4.0,4.3,-0.3,-0.15,0,23,0,0,1,123,17,45.9,0,19,0,0,0,118,20,54.1
60,Marseille,fr Ligue 1,18,27.2,49.5,2,22,180,2.0,4,4,8,4,0,0,3,0,3.0,3.0,2.5,5.5,47,89,2.0,2.0,4.0,2.0,4.0,1.48,1.25,2.73,1.48,2.73,2024,60,fr Ligue 1,18,26.4,50.5,2,22,180,2.0,3,3,6,3,0,0,6,1,1.2,1.2,1.1,2.3,28,67,1.5,1.5,3.0,1.5,3.0,0.62,0.54,1.16,0.62,1.16,2024,Marseille_2024,36,9,25.0,18.0,4.5,0.11,0.44,15.9,2,0.08,1.0,1.0,21,9,42.9,10.5,4.5,0.14,0.33,20.2,0,0.06,1.8,1.8,691,879,78.6,12675,4385,269,303,88.8,325,375,86.7,77,143,53.8,2.0,1.5,30,73,19,9,687,888,77.4,13394,4601,242,304,79.6,343,391,87.7,87,156,55.8,0.8,1.9,14,53,11,5,767,107,3,6,50,35,19,2,15,0,5,19,770,114,2,8,40,48,14,6,8,0,4,23,66,33.0,42,7,7,5,0,7,3.5,5,0,1,1,0,0,35,17.5,28,2,3,1,0,5,2.5,4,1,0,0,0,0,26,17,10,13,3,15,50.0,15,21,23,49,51,1,30,19,13,11,6,12,40.0,18,17,21,51,49,0,1124,106,55,18,54.5,12,36.4,766,12,36,18,684,89,1122,128,30,15,48.4,15,48.4,758,5,38,11,683,66,90,100,81,13,9,22,9,2.0,4,3,1,0.5,3.0,1.2,1.7,0.86,90,100,81,13,9,22,9,0.5,3,4,-1,-0.5,1.2,3.0,-1.7,-0.86,0,16,0,0,0,105,32,60.4,0,31,0,0,0,93,21,39.6
61,Metz,fr Ligue 1,17,26.9,36.5,2,22,180,2.0,3,3,6,3,0,0,5,1,0.9,0.9,0.8,1.7,20,51,1.5,1.5,3.0,1.5,3.0,0.46,0.39,0.85,0.46,0.85,2024,61,fr Ligue 1,17,26.2,63.5,2,22,180,2.0,7,3,10,7,0,0,2,0,6.0,6.0,3.7,9.6,59,115,3.5,1.5,5.0,3.5,5.0,2.98,1.83,4.81,2.98,4.81,2024,Metz_2024,19,8,42.1,9.5,4.0,0.16,0.38,19.1,0,0.05,2.1,2.1,51,19,37.3,25.5,9.5,0.14,0.37,15.5,2,0.12,1.0,1.0,561,727,77.2,11166,4214,203,239,84.9,263,312,84.3,77,141,54.6,0.7,2.2,16,48,7,3,1107,1271,87.1,19302,5897,479,521,91.9,501,552,90.8,98,141,69.5,3.2,-0.7,40,100,22,9,624,99,1,10,33,38,8,4,4,0,4,19,1177,91,2,7,46,34,14,3,9,0,3,13,35,17.5,24,5,2,1,0,5,2.5,4,1,0,0,0,0,92,46.0,66,5,8,4,1,9,4.5,4,0,0,5,0,0,31,15,13,8,10,10,27.0,27,13,23,54,48,0,29,18,13,11,5,22,61.1,14,17,14,43,36,1,977,134,26,14,36.8,22,57.9,650,6,37,7,558,51,1511,102,79,27,69.2,10,25.6,1171,19,38,21,1097,113,90,100,83,12,9,13,9,0.5,3,7,-4,-2.0,0.9,6.0,-5.0,-2.52,90,100,83,12,9,13,9,2.0,7,3,4,2.0,6.0,0.9,5.0,2.52,0,25,0,0,0,95,14,35.0,0,16,0,0,0,108,26,65.0
62,Milan,it Serie A,16,26.7,47.0,1,11,90,1.0,2,2,4,2,0,0,2,0,0.9,0.9,0.9,1.8,14,35,2.0,2.0,4.0,2.0,4.0,0.9,0.9,1.79,0.9,1.79,2024,62,it Serie A,16,25.8,53.0,1,11,90,1.0,0,0,0,0,0,0,2,0,1.0,1.0,0.8,1.9,22,41,0.0,0.0,0.0,0.0,0.0,1.05,0.85,1.89,1.05,1.89,2024,Milan_2024,9,5,55.6,9.0,5.0,0.22,0.4,15.7,0,0.1,1.1,1.1,17,5,29.4,17.0,5.0,0.0,0.0,17.1,1,0.06,-1.0,-1.0,430,515,83.5,6699,2401,219,240,91.3,165,181,91.2,28,56,50.0,1.2,1.1,9,26,8,3,503,580,86.7,8855,2712,245,263,93.2,205,231,88.7,49,70,70.0,0.8,-0.8,14,43,10,5,470,43,1,0,11,13,6,3,2,0,2,11,550,28,1,3,16,13,3,2,0,0,2,7,18,18.0,16,1,1,0,0,4,4.0,4,0,0,0,0,0,32,32.0,27,1,2,1,0,0,0.0,0,0,0,0,0,0,13,8,8,3,2,7,70.0,3,7,9,22,10,1,21,8,10,9,2,11,47.8,12,10,4,25,11,0,607,73,20,12,48.0,11,44.0,425,3,11,10,426,35,682,58,25,3,23.1,7,53.8,330,5,9,6,500,41,90,100,83,6,5,15,8,3.0,2,0,2,2.0,0.9,1.0,-0.2,-0.15,90,100,83,6,5,15,6,0.0,0,2,-2,-2.0,1.0,0.9,0.2,0.15,0,4,0,0,0,54,5,31.3,0,10,0,0,0,60,11,68.8
63,Monaco,fr Ligue 1,18,25.3,50.5,2,22,180,2.0,7,5,12,7,0,0,6,0,3.3,3.3,2.5,5.8,24,95,3.5,2.5,6.0,3.5,6.0,1.67,1.23,2.89,1.67,2.89,2024,63,fr Ligue 1,18,27.0,49.5,2,22,180,2.0,2,2,4,2,0,0,1,0,2.3,2.3,2.1,4.3,28,87,1.0,1.0,2.0,1.0,2.0,1.13,1.04,2.17,1.13,2.17,2024,Monaco_2024,23,12,52.2,11.5,6.0,0.3,0.58,16.0,0,0.15,3.7,3.7,19,8,42.1,9.5,4.0,0.11,0.25,18.5,2,0.12,-0.3,-0.3,876,1086,80.7,15689,5849,374,437,85.6,389,453,85.9,87,141,61.7,3.7,2.5,16,76,17,3,855,1051,81.4,15406,5526,332,371,89.5,413,473,87.3,81,152,53.3,1.6,-0.1,14,77,7,2,1006,76,6,6,17,27,6,1,3,0,4,16,951,95,5,4,34,30,9,2,5,0,5,16,40,20.0,33,1,2,1,1,10,5.0,9,0,0,1,0,0,34,17.0,24,4,2,4,0,4,2.0,3,1,0,0,0,0,46,30,14,24,8,22,48.9,23,15,28,74,26,1,28,13,11,14,3,12,38.7,19,15,28,56,29,1,1291,114,33,19,55.9,12,35.3,975,7,29,16,864,94,1266,124,25,23,46.0,22,44.0,944,9,30,24,850,86,90,100,85,12,10,11,8,3.0,7,2,5,2.5,3.3,2.3,1.1,0.54,90,100,85,12,10,11,8,0.0,2,7,-5,-2.5,2.3,3.3,-1.1,-0.54,0,35,0,0,0,133,19,45.2,0,23,0,0,0,123,23,54.8
64,Montpellier,fr Ligue 1,18,28.0,47.5,2,22,180,2.0,6,4,10,6,0,0,2,0,4.5,4.5,3.4,7.9,41,69,3.0,2.0,5.0,3.0,5.0,2.27,1.68,3.95,2.27,3.95,2024,64,fr Ligue 1,18,25.3,52.5,2,22,180,2.0,3,3,6,3,0,0,6,1,1.4,1.4,1.2,2.6,51,101,1.5,1.5,3.0,1.5,3.0,0.69,0.6,1.28,0.69,1.28,2024,Montpellier_2024,28,13,46.4,14.0,6.5,0.21,0.46,17.8,2,0.16,1.5,1.5,19,7,36.8,9.5,3.5,0.16,0.43,20.5,1,0.08,1.6,1.6,680,865,78.6,13152,5328,259,294,88.1,306,350,87.4,95,173,54.9,1.8,0.6,18,58,9,2,757,959,78.9,12698,4768,364,422,86.3,307,373,82.3,56,111,50.5,1.3,1.8,16,64,14,0,761,95,2,2,27,32,6,2,3,0,9,18,868,89,2,8,27,33,8,4,3,0,2,25,49,24.5,32,4,5,6,0,8,4.0,5,0,3,0,0,0,34,17.0,23,2,3,2,3,5,2.5,3,0,1,1,0,0,35,24,22,9,4,24,49.0,25,21,16,51,35,0,32,20,14,14,4,14,43.8,18,17,14,46,27,1,1080,134,32,18,48.6,14,37.8,767,12,41,18,667,67,1160,97,44,25,48.1,24,46.2,849,12,34,11,746,100,90,100,85,13,9,12,9,2.0,6,3,3,1.5,4.5,1.4,3.2,1.58,90,100,85,13,9,12,10,0.5,3,6,-3,-1.5,1.4,4.5,-3.2,-1.58,0,17,0,0,0,117,23,48.9,0,32,0,0,0,117,24,51.1
65,Monza,it Serie A,16,28.5,53.0,1,11,90,1.0,0,0,0,0,0,0,1,0,0.8,0.8,0.5,1.2,23,43,0.0,0.0,0.0,0.0,0.0,0.78,0.46,1.24,0.78,1.24,2024,65,it Serie A,16,29.4,47.0,1,11,90,1.0,2,2,4,2,0,0,1,0,2.7,2.7,2.4,5.1,23,46,2.0,2.0,4.0,2.0,4.0,2.67,2.42,5.09,2.67,5.09,2024,Monza_2024,12,2,16.7,12.0,2.0,0.0,0.0,17.8,0,0.06,-0.8,-0.8,22,3,13.6,22.0,3.0,0.09,0.67,17.2,1,0.12,-0.7,-0.7,508,567,89.6,9415,2922,200,214,93.5,240,260,92.3,59,72,81.9,0.7,-0.5,9,32,14,3,448,509,88.0,7722,2716,226,245,92.2,144,159,90.6,58,78,74.4,1.9,-0.4,19,41,9,3,519,47,0,3,14,15,3,0,3,0,1,9,470,38,5,14,21,9,8,1,5,0,1,6,20,20.0,19,0,1,0,0,0,0.0,0,0,0,0,0,0,40,40.0,30,5,0,2,1,4,4.0,4,0,0,0,0,0,13,10,10,2,1,8,57.1,6,4,13,26,12,0,17,13,12,4,1,10,62.5,6,7,9,26,14,0,655,83,24,6,37.5,10,62.5,395,5,10,7,504,43,604,58,35,6,35.3,8,47.1,377,7,5,5,441,45,90,100,80,6,5,21,8,0.0,0,2,-2,-2.0,0.8,2.7,-1.9,-1.89,90,100,80,6,5,21,7,3.0,2,0,2,2.0,2.7,0.8,1.9,1.89,0,13,0,0,0,27,6,40.0,0,8,0,0,0,40,9,60.0
66,Nantes,fr Ligue 1,19,26.9,40.0,2,22,180,2.0,1,0,1,0,1,1,4,0,2.1,1.3,1.0,2.3,36,61,0.5,0.0,0.5,0.0,0.0,1.06,0.48,1.54,0.66,1.15,2024,66,fr Ligue 1,19,24.9,60.0,2,22,180,2.0,4,3,7,4,0,0,2,1,3.4,3.4,2.6,6.0,29,100,2.0,1.5,3.5,2.0,3.5,1.68,1.32,3.0,1.68,3.0,2024,Nantes_2024,22,7,31.8,11.0,3.5,0.0,0.0,20.3,3,0.06,-1.1,-1.3,27,12,44.4,13.5,6.0,0.15,0.33,14.5,2,0.14,0.6,0.6,646,811,79.7,11218,4597,278,307,90.6,277,317,87.4,56,123,45.5,1.3,-1.0,15,47,10,2,1021,1207,84.6,16712,5197,501,556,90.1,427,484,88.2,69,120,57.5,3.1,0.4,21,97,20,1,719,85,1,2,35,30,12,7,3,0,7,15,1105,100,2,6,32,42,12,5,4,0,2,16,43,21.5,25,5,4,5,0,2,1.0,0,1,0,0,1,0,46,23.0,32,4,4,2,1,7,3.5,5,1,0,1,0,0,25,17,16,9,0,8,34.8,15,15,18,43,37,0,23,16,11,10,2,12,44.4,15,11,9,32,31,0,1021,141,37,15,51.7,12,41.4,706,9,35,11,642,60,1393,95,45,15,53.6,8,28.6,1076,6,30,17,1016,100,90,100,81,13,9,22,9,0.0,1,4,-3,-1.5,2.1,3.4,-1.2,-0.62,90,100,81,13,9,22,8,3.0,4,1,3,1.5,3.4,2.1,1.2,0.62,0,29,1,0,0,90,16,37.2,0,22,0,1,0,101,27,62.8
67,Napoli,it Serie A,16,27.9,52.0,1,11,90,1.0,3,2,5,3,0,0,3,0,1.5,1.5,1.2,2.7,21,46,3.0,2.0,5.0,3.0,5.0,1.49,1.22,2.7,1.49,2.7,2024,67,it Serie A,16,25.3,48.0,1,11,90,1.0,1,0,1,0,1,1,3,0,0.9,0.1,0.1,0.2,12,30,1.0,0.0,1.0,0.0,0.0,0.89,0.07,0.97,0.1,0.18,2024,Napoli_2024,19,8,42.1,19.0,8.0,0.16,0.38,18.4,0,0.08,1.5,1.5,3,0,0.0,3.0,0.0,0.0,,25.4,1,0.03,0.1,-0.1,436,506,86.2,7511,2556,205,213,96.2,180,201,89.6,40,64,62.5,0.9,0.8,16,34,9,0,413,476,86.8,6059,2393,242,252,96.0,126,141,89.4,28,52,53.8,0.2,-0.1,2,17,5,1,465,38,2,2,18,11,6,2,3,0,3,13,425,48,0,1,7,15,4,1,2,0,3,8,36,36.0,29,2,1,0,2,5,5.0,4,0,0,1,0,0,8,8.0,5,1,0,2,0,2,2.0,0,1,0,0,1,0,20,11,10,6,4,12,70.6,5,5,3,23,9,0,6,6,3,3,0,3,37.5,5,12,2,8,19,0,591,29,31,5,55.6,3,33.3,352,7,14,3,429,45,575,99,13,5,25.0,12,60.0,293,3,18,8,410,30,90,100,82,6,5,17,8,3.0,3,1,2,2.0,1.5,0.9,0.6,0.59,90,100,82,6,5,17,8,0.0,1,3,-2,-2.0,0.9,1.5,-0.6,-0.59,0,17,0,1,0,54,9,69.2,0,14,1,0,0,34,4,30.8
68,Newcastle Utd,eng Premier League,17,27.7,46.5,2,22,180,2.0,5,4,9,5,0,0,9,0,3.6,3.6,3.5,7.1,34,59,2.5,2.0,4.5,2.5,4.5,1.82,1.75,3.56,1.82,3.56,2024,68,eng Premier League,17,26.9,53.5,2,22,180,2.0,2,2,4,2,0,0,5,0,2.8,2.8,1.9,4.7,46,80,1.0,1.0,2.0,1.0,2.0,1.38,0.95,2.34,1.38,2.34,2024,Newcastle Utd_2024,24,13,54.2,12.0,6.5,0.21,0.38,15.3,0,0.15,1.4,1.4,30,10,33.3,15.0,5.0,0.07,0.2,16.1,1,0.1,-0.8,-0.8,884,1041,84.9,15077,5147,430,466,92.3,365,409,89.2,78,128,60.9,2.4,0.5,21,57,15,3,1044,1205,86.6,16679,5309,542,587,92.3,405,459,88.2,63,98,64.3,1.6,0.1,26,65,12,0,951,84,5,8,16,27,6,2,2,0,6,11,1110,94,11,5,23,42,8,3,2,0,1,16,45,22.5,35,3,4,1,0,10,5.0,8,0,2,0,0,0,57,28.5,42,6,2,2,1,4,2.0,4,0,0,0,0,0,26,13,12,12,2,8,24.2,25,13,14,40,26,0,24,17,10,11,3,9,42.9,12,11,10,34,24,2,1228,136,50,12,44.4,9,33.3,870,13,28,15,880,59,1376,130,41,25,64.1,8,20.5,769,12,25,18,1034,80,90,100,82,12,10,18,8,1.5,5,2,3,1.5,3.6,2.8,0.9,0.44,90,100,82,12,10,18,13,1.5,2,5,-3,-1.5,2.8,3.6,-0.9,-0.44,0,23,0,0,0,97,11,55.0,0,30,0,0,0,98,9,45.0
69,Nice,fr Ligue 1,18,26.4,49.5,2,22,180,2.0,2,1,3,2,0,0,4,0,2.9,2.9,2.5,5.4,43,70,1.0,0.5,1.5,1.0,1.5,1.46,1.23,2.69,1.46,2.69,2024,69,fr Ligue 1,18,25.6,50.5,2,22,180,2.0,2,2,4,2,0,0,3,0,2.2,2.2,1.7,3.9,40,58,1.0,1.0,2.0,1.0,2.0,1.09,0.85,1.94,1.09,1.94,2024,Nice_2024,29,11,37.9,14.5,5.5,0.07,0.18,17.8,2,0.1,-0.9,-0.9,21,7,33.3,10.5,3.5,0.1,0.29,18.1,0,0.1,-0.2,-0.2,988,1128,87.6,16498,5366,467,503,92.8,418,462,90.5,73,110,66.4,2.1,-1.5,22,62,13,5,960,1113,86.3,15822,4807,451,485,93.0,399,443,90.1,69,123,56.1,1.6,0.3,16,69,9,3,1060,62,1,2,32,22,12,5,5,0,6,11,1028,81,7,4,27,31,3,2,1,0,4,15,52,26.0,38,4,6,2,1,4,2.0,4,0,0,0,0,0,31,15.5,20,2,5,1,2,2,1.0,1,1,0,0,0,0,31,24,10,15,6,19,45.2,23,13,16,47,21,1,47,28,21,20,6,28,46.7,32,8,15,62,31,0,1333,134,45,32,50.8,28,44.4,1069,15,29,19,975,69,1319,129,31,23,54.8,19,45.2,1019,10,23,12,943,57,90,100,81,13,9,21,9,1.0,2,2,0,0.0,2.9,2.2,0.7,0.37,90,100,81,13,9,21,9,1.0,2,2,0,0.0,2.2,2.9,-0.7,-0.37,0,23,0,0,0,111,19,54.3,0,17,0,0,0,101,16,45.7
70,Nott'ham Forest,eng Premier League,17,26.3,36.0,2,22,180,2.0,3,3,6,3,0,0,4,0,2.6,2.6,2.2,4.7,27,54,1.5,1.5,3.0,1.5,3.0,1.28,1.08,2.36,1.28,2.36,2024,70,eng Premier League,17,25.9,64.0,2,22,180,2.0,3,2,5,3,0,0,5,0,1.3,1.3,0.7,2.0,45,82,1.5,1.0,2.5,1.5,2.5,0.66,0.35,1.01,0.66,1.01,2024,Nott'ham Forest_2024,22,6,27.3,11.0,3.0,0.14,0.5,16.0,0,0.12,0.4,0.4,22,10,45.5,11.0,5.0,0.14,0.3,19.0,0,0.06,1.7,1.7,525,722,72.7,10223,4549,213,265,80.4,234,291,80.4,72,132,54.5,2.0,0.8,18,44,13,2,1072,1294,82.8,17603,5462,534,593,90.1,446,505,88.3,74,144,51.4,1.4,1.3,15,88,17,2,631,87,1,5,27,39,9,4,5,0,4,14,1191,99,6,3,34,41,15,12,2,1,4,17,38,19.0,26,5,2,2,0,6,3.0,6,0,0,0,0,0,40,20.0,34,1,2,0,2,5,2.5,3,0,1,1,0,0,37,21,27,6,4,23,69.7,10,14,22,59,43,1,41,30,16,18,7,24,63.2,14,12,24,65,25,0,960,128,37,14,32.6,24,55.8,462,4,27,17,520,53,1515,109,50,10,27.0,23,62.2,1002,11,25,14,1067,82,90,100,85,12,10,11,8,1.5,3,3,0,0.0,2.6,1.3,1.2,0.62,90,100,85,12,10,11,11,1.5,3,3,0,0.0,1.3,2.6,-1.2,-0.62,0,17,0,0,0,88,50,61.0,0,21,0,0,0,102,32,39.0
71,Osasuna,es La Liga,18,29.0,55.0,2,22,180,2.0,2,0,2,2,0,0,2,1,2.3,2.3,1.7,4.0,37,92,1.0,0.0,1.0,1.0,1.0,1.13,0.85,1.98,1.13,1.98,2024,71,es La Liga,18,26.5,45.0,2,22,180,2.0,2,2,4,2,0,0,6,1,2.5,2.5,2.3,4.9,34,68,1.0,1.0,2.0,1.0,2.0,1.26,1.17,2.43,1.26,2.43,2024,Osasuna_2024,29,12,41.4,14.5,6.0,0.07,0.17,17.0,3,0.08,-0.3,-0.3,19,2,10.5,9.5,1.0,0.11,1.0,15.7,1,0.14,-0.5,-0.5,818,1076,76.0,16732,6437,314,361,87.0,367,424,86.6,128,243,52.7,2.0,-1.7,19,94,15,8,663,892,74.3,11437,4625,311,352,88.4,272,332,81.9,59,146,40.4,2.5,-0.3,17,47,15,3,967,106,1,14,54,47,7,4,3,0,3,23,782,104,2,8,35,43,10,3,3,0,6,21,53,26.5,37,4,2,5,1,2,1.0,0,0,0,2,0,0,37,18.5,33,1,2,1,0,4,2.0,3,0,1,0,0,0,31,21,17,12,2,10,35.7,18,14,29,60,30,0,30,16,18,11,1,15,57.7,11,17,22,52,52,0,1285,113,41,11,37.9,15,51.7,701,6,31,15,809,92,1117,132,35,18,60.0,10,33.3,624,8,28,21,660,68,90,100,84,13,9,15,15,1.5,2,2,0,0.0,2.3,2.5,-0.3,-0.13,90,100,84,13,9,15,14,1.5,2,2,0,0.0,2.5,2.3,0.3,0.13,0,24,0,0,0,115,35,50.7,1,25,0,0,0,108,34,49.3
72,Paris S-G,fr Ligue 1,17,24.8,77.0,2,22,180,2.0,1,0,1,0,1,1,3,0,3.3,2.5,2.1,4.6,51,123,0.5,0.0,0.5,0.0,0.0,1.66,1.06,2.72,1.27,2.32,2024,72,fr Ligue 1,17,25.3,23.0,2,22,180,2.0,1,0,1,0,1,1,0,0,1.3,0.6,0.4,0.9,19,34,0.5,0.0,0.5,0.0,0.0,0.67,0.18,0.86,0.28,0.46,2024,Paris S-G_2024,35,6,17.1,17.5,3.0,0.0,0.0,17.6,1,0.07,-2.3,-2.5,11,1,9.1,5.5,0.5,0.0,0.0,24.6,0,0.05,-0.3,-0.6,1684,1853,90.9,27180,7189,792,837,94.6,739,788,93.8,95,130,73.1,3.4,-2.1,29,191,30,10,411,555,74.1,7327,3391,199,229,86.9,156,198,78.8,44,98,44.9,0.4,-0.4,7,25,10,1,1780,70,2,7,48,31,14,5,4,0,3,31,484,70,0,2,10,19,7,2,3,0,1,15,66,33.0,51,3,5,2,1,2,1.0,1,0,0,0,1,0,17,8.5,10,1,0,1,3,2,1.0,0,1,0,0,1,0,24,16,6,11,7,12,60.0,8,16,14,38,12,0,27,12,21,5,1,10,33.3,20,25,26,53,49,0,2035,68,71,20,52.6,10,26.3,1756,13,30,17,1672,123,790,168,20,8,36.4,12,54.5,490,3,37,12,405,34,90,100,82,14,8,21,10,1.0,1,1,0,0.0,3.3,1.3,2.0,0.99,90,100,82,14,8,21,10,1.0,1,1,0,0.0,1.3,3.3,-2.0,-0.99,0,19,1,1,0,127,16,45.7,0,14,1,1,0,104,19,54.3
73,Rayo Vallecano,es La Liga,20,30.6,46.0,2,22,180,2.0,4,2,6,2,2,2,4,0,4.2,2.6,2.0,4.6,25,49,2.0,1.0,3.0,1.0,2.0,2.1,1.0,3.1,1.31,2.31,2024,73,es La Liga,20,27.0,54.0,2,22,180,2.0,0,0,0,0,0,0,3,1,2.6,2.6,2.1,4.7,42,68,0.0,0.0,0.0,0.0,0.0,1.29,1.07,2.36,1.29,2.36,2024,Rayo Vallecano_2024,25,11,44.0,12.5,5.5,0.08,0.18,19.0,3,0.11,-0.2,-0.6,33,12,36.4,16.5,6.0,0.0,0.0,18.2,0,0.08,-2.6,-2.6,602,797,75.5,11458,4843,272,313,86.9,218,270,80.7,92,164,56.1,1.6,0.0,18,50,14,5,756,946,79.9,13838,4979,332,366,90.7,324,376,86.2,83,160,51.9,2.1,-2.1,27,48,20,4,690,99,2,12,26,42,9,5,2,0,8,9,829,115,2,11,48,43,13,3,8,0,2,14,47,23.5,33,3,4,4,1,6,3.0,4,1,0,0,1,0,60,30.0,45,3,9,0,1,0,0.0,0,0,0,0,0,0,37,20,24,10,3,26,52.0,24,9,15,52,46,0,35,23,17,15,3,13,46.4,15,8,9,44,32,0,1010,117,33,15,51.7,13,44.8,601,6,27,22,600,49,1173,117,44,24,45.3,26,49.1,723,8,32,11,740,66,90,100,83,12,10,16,13,3.0,4,0,4,2.0,4.2,2.6,1.6,0.81,90,100,83,12,10,16,13,0.0,0,4,-4,-2.0,2.6,4.2,-1.6,-0.81,0,36,1,0,0,95,33,57.9,0,30,0,2,0,103,24,42.1
74,RB Leipzig,de Bundesliga,16,26.2,56.0,1,11,90,1.0,2,2,4,2,0,0,2,0,1.6,1.6,1.2,2.8,21,41,2.0,2.0,4.0,2.0,4.0,1.58,1.23,2.81,1.58,2.81,2024,74,de Bundesliga,16,26.4,44.0,1,11,90,1.0,3,3,6,3,0,0,1,0,1.4,1.4,1.3,2.7,29,26,3.0,3.0,6.0,3.0,6.0,1.41,1.26,2.67,1.41,2.67,2024,RB Leipzig_2024,14,6,42.9,14.0,6.0,0.14,0.33,15.5,0,0.11,0.4,0.4,11,7,63.6,11.0,7.0,0.27,0.43,19.0,0,0.13,1.6,1.6,509,599,85.0,8967,2911,217,241,90.0,252,278,90.6,36,64,56.3,1.5,0.8,11,29,8,2,380,475,80.0,6130,2150,191,214,89.3,144,177,81.4,28,52,53.8,1.5,1.7,8,31,8,3,546,53,1,3,13,23,5,3,2,0,0,12,438,35,1,3,15,12,4,3,0,0,2,8,22,22.0,17,3,1,0,0,3,3.0,1,2,0,0,0,0,18,18.0,12,1,4,0,0,6,6.0,4,1,0,1,0,0,16,9,9,7,0,9,45.0,11,7,8,24,12,0,15,11,5,6,4,8,47.1,9,10,8,23,15,0,691,71,18,9,47.4,8,42.1,515,3,13,7,503,41,574,47,14,11,50.0,9,40.9,307,3,9,7,375,26,90,100,80,6,5,22,4,0.0,2,3,-1,-1.0,1.6,1.4,0.2,0.17,90,100,80,6,5,22,5,3.0,3,2,1,1.0,1.4,1.6,-0.2,-0.17,0,10,0,0,0,47,13,52.0,0,13,0,0,0,61,12,48.0
75,Real Madrid,es La Liga,17,26.0,55.5,2,22,180,2.0,5,4,9,5,0,0,1,0,3.0,3.0,2.5,5.5,53,104,2.5,2.0,4.5,2.5,4.5,1.5,1.23,2.73,1.5,2.73,2024,75,es La Liga,17,26.4,44.5,2,22,180,2.0,1,1,2,1,0,0,4,0,1.7,1.7,1.4,3.2,37,75,0.5,0.5,1.0,0.5,1.0,0.87,0.71,1.58,0.87,1.58,2024,Real Madrid_2024,39,17,43.6,19.5,8.5,0.13,0.29,16.6,3,0.08,2.0,2.0,27,9,33.3,13.5,4.5,0.04,0.11,16.9,0,0.07,-0.7,-0.7,1104,1261,87.5,17297,5926,605,643,94.1,387,436,88.8,79,121,65.3,2.4,1.5,31,87,26,5,847,1023,82.8,14928,5378,397,441,90.0,347,399,87.0,89,144,61.8,1.7,-0.4,21,67,16,9,1157,98,6,11,35,34,10,2,7,0,6,13,924,96,1,7,56,33,11,3,5,0,3,14,72,36.0,52,6,3,4,2,9,4.5,6,1,0,2,0,0,44,22.0,28,5,3,2,2,2,1.0,2,0,0,0,0,0,39,24,12,23,4,20,60.6,13,11,20,59,43,1,33,17,19,9,5,21,51.2,20,13,18,51,33,1,1506,162,67,20,46.5,21,48.8,1005,17,28,12,1097,103,1245,152,33,13,36.1,20,55.6,821,7,26,19,843,74,90,100,84,13,9,15,10,3.0,5,1,4,2.0,3.0,1.7,1.2,0.62,90,100,84,13,9,15,14,0.0,1,5,-4,-2.0,1.7,3.0,-1.2,-0.62,0,19,0,0,0,98,17,53.1,0,28,0,0,0,104,15,46.9
76,Real Sociedad,es La Liga,17,25.8,50.5,2,22,180,2.0,2,2,4,2,0,0,4,0,1.8,1.8,1.2,3.0,31,66,1.0,1.0,2.0,1.0,2.0,0.88,0.62,1.5,0.88,1.5,2024,76,es La Liga,17,26.5,49.5,2,22,180,2.0,2,1,3,2,0,0,6,0,1.8,1.8,1.4,3.2,22,41,1.0,0.5,1.5,1.0,1.5,0.9,0.7,1.6,0.9,1.6,2024,Real Sociedad_2024,26,4,15.4,13.0,2.0,0.08,0.5,18.9,2,0.07,0.2,0.2,23,7,30.4,11.5,3.5,0.09,0.29,16.6,1,0.08,0.2,0.2,672,883,76.1,12108,4216,284,330,86.1,305,377,80.9,69,136,50.7,1.1,0.8,19,49,14,4,669,879,76.1,11840,3996,284,327,86.9,310,369,84.0,52,130,40.0,2.3,-0.4,19,44,11,5,778,105,2,8,28,54,13,7,3,0,0,15,759,114,2,5,33,43,8,0,5,0,6,15,43,21.5,27,5,4,2,2,3,1.5,2,0,1,0,0,0,45,22.5,34,3,2,1,1,3,1.5,2,0,0,1,0,0,29,25,9,16,4,10,38.5,16,14,13,42,31,0,28,16,13,13,2,13,43.3,17,14,14,42,41,0,1086,116,30,17,48.6,13,37.1,627,6,38,15,660,66,1087,160,37,16,50.0,10,31.3,571,6,35,19,663,41,90,100,82,12,10,19,14,1.0,2,2,0,0.0,1.8,1.8,0.0,-0.02,90,100,82,12,10,19,12,1.0,2,2,0,0.0,1.8,1.8,0.0,0.02,0,34,0,0,0,100,39,54.9,0,21,0,0,0,104,32,45.1
77,Reims,fr Ligue 1,20,25.9,52.0,2,22,180,2.0,3,3,6,3,0,0,3,0,3.1,3.1,2.2,5.3,38,76,1.5,1.5,3.0,1.5,3.0,1.56,1.09,2.65,1.56,2.65,2024,77,fr Ligue 1,20,27.5,48.0,2,22,180,2.0,2,2,4,2,0,0,1,0,1.5,1.5,1.2,2.6,42,69,1.0,1.0,2.0,1.0,2.0,0.73,0.59,1.32,0.73,1.32,2024,Reims_2024,19,8,42.1,9.5,4.0,0.16,0.38,15.9,0,0.18,-0.1,-0.1,25,8,32.0,12.5,4.0,0.08,0.25,16.5,1,0.06,0.5,0.5,733,944,77.6,14299,4835,261,325,80.3,356,400,89.0,100,172,58.1,3.0,0.8,12,54,15,5,668,878,76.1,12029,4717,295,334,88.3,279,328,85.1,72,152,47.4,1.4,0.8,19,62,14,5,840,95,5,10,36,42,13,4,8,0,9,16,765,108,4,4,46,37,20,5,11,0,5,25,31,15.5,26,1,2,0,0,6,3.0,6,0,0,0,0,0,45,22.5,31,4,5,2,0,4,2.0,3,0,1,0,0,0,32,23,15,14,3,17,41.5,24,18,20,52,45,1,41,26,19,17,5,25,61.0,16,14,28,69,39,0,1183,124,42,16,38.1,25,59.5,746,5,37,16,726,74,1119,118,46,24,53.3,17,37.8,664,9,40,15,664,69,90,100,80,12,10,22,8,1.5,3,2,1,0.5,3.1,1.5,1.7,0.83,90,100,80,12,10,22,8,1.5,2,3,-1,-0.5,1.5,3.1,-1.7,-0.83,0,25,0,0,0,122,24,48.0,0,13,0,0,0,110,26,52.0
78,Rennes,fr Ligue 1,19,25.2,60.0,2,22,180,2.0,6,1,7,5,1,1,1,0,5.5,4.7,2.3,6.9,44,91,3.0,0.5,3.5,2.5,3.0,2.73,1.13,3.85,2.33,3.46,2024,78,fr Ligue 1,19,27.1,40.0,2,22,180,2.0,2,1,3,2,0,0,4,0,1.4,1.4,1.1,2.5,25,76,1.0,0.5,1.5,1.0,1.5,0.71,0.54,1.25,0.71,1.25,2024,Rennes_2024,38,18,47.4,19.0,9.0,0.13,0.28,16.3,1,0.13,0.5,0.3,24,7,29.2,12.0,3.5,0.08,0.29,16.9,2,0.06,0.6,0.6,1115,1272,87.7,19578,5950,469,521,90.0,516,555,93.0,97,141,68.8,2.5,-1.3,27,82,16,3,692,860,80.5,12933,4470,291,334,87.1,287,330,87.0,86,149,57.7,1.3,-0.1,18,77,14,8,1185,85,0,3,18,36,5,1,4,0,2,16,768,87,0,12,50,35,15,5,10,0,5,18,70,35.0,52,1,5,2,3,8,4.0,3,0,0,4,1,0,44,22.0,30,6,1,3,0,3,1.5,2,0,0,1,0,0,32,19,15,9,8,20,66.7,10,14,16,48,38,0,32,15,13,11,8,10,29.4,24,17,14,46,22,0,1501,137,68,24,66.7,10,27.8,1197,17,35,22,1108,89,1082,99,39,10,31.3,20,62.5,764,7,30,12,683,75,90,100,83,12,10,15,8,2.0,6,2,4,2.0,5.5,1.4,4.0,2.02,90,100,83,12,10,15,8,0.5,2,6,-4,-2.0,1.4,5.5,-4.0,-2.02,0,17,1,0,0,102,20,47.6,0,25,0,1,0,107,22,52.4
79,Roma,it Serie A,16,28.8,60.0,1,11,90,1.0,2,2,4,2,0,0,0,0,1.9,1.9,1.3,3.2,19,32,2.0,2.0,4.0,2.0,4.0,1.9,1.31,3.21,1.9,3.21,2024,79,it Serie A,16,29.0,40.0,1,11,90,1.0,2,2,4,2,0,0,4,0,0.1,0.1,0.1,0.3,9,18,2.0,2.0,4.0,2.0,4.0,0.14,0.14,0.28,0.14,0.28,2024,Roma_2024,13,3,23.1,13.0,3.0,0.15,0.67,15.3,1,0.15,0.1,0.1,3,2,66.7,3.0,2.0,0.67,1.0,22.1,0,0.05,1.9,1.9,423,535,79.1,7745,2429,178,198,89.9,197,237,83.1,45,81,55.6,0.9,0.7,11,34,10,4,259,357,72.5,4199,1556,123,144,85.4,105,130,80.8,17,56,30.4,0.1,1.9,3,16,2,0,482,52,1,4,30,28,9,8,1,0,1,6,309,47,0,1,3,17,1,0,0,0,1,8,23,23.0,15,5,1,1,0,3,3.0,1,1,1,0,0,0,6,6.0,6,0,0,0,0,4,4.0,4,0,0,0,0,0,15,13,5,9,1,7,70.0,3,7,9,24,6,0,9,6,7,1,1,7,46.7,8,3,10,19,21,0,622,36,26,8,47.1,7,41.2,408,3,16,2,421,32,446,67,8,3,30.0,7,70.0,282,3,12,8,256,18,90,100,80,6,5,21,7,1.0,2,2,0,0.0,1.9,0.1,1.8,1.76,90,100,80,6,5,21,6,1.0,2,2,0,0.0,0.1,1.9,-1.8,-1.76,0,12,0,0,0,60,22,64.7,0,9,0,0,0,39,12,35.3
80,Salernitana,it Serie A,15,29.0,40.0,1,11,90,1.0,2,2,4,2,0,0,4,0,0.1,0.1,0.1,0.3,9,18,2.0,2.0,4.0,2.0,4.0,0.14,0.14,0.28,0.14,0.28,2024,80,it Serie A,15,28.8,60.0,1,11,90,1.0,2,2,4,2,0,0,0,0,1.9,1.9,1.3,3.2,19,32,2.0,2.0,4.0,2.0,4.0,1.9,1.31,3.21,1.9,3.21,2024,Salernitana_2024,3,2,66.7,3.0,2.0,0.67,1.0,22.1,0,0.05,1.9,1.9,13,3,23.1,13.0,3.0,0.15,0.67,15.3,1,0.15,0.1,0.1,259,357,72.5,4199,1556,123,144,85.4,105,130,80.8,17,56,30.4,0.1,1.9,3,16,2,0,423,535,79.1,7745,2429,178,198,89.9,197,237,83.1,45,81,55.6,0.9,0.7,11,34,10,4,309,47,0,1,3,17,1,0,0,0,1,8,482,52,1,4,30,28,9,8,1,0,1,6,6,6.0,6,0,0,0,0,4,4.0,4,0,0,0,0,0,23,23.0,15,5,1,1,0,3,3.0,1,1,1,0,0,0,9,6,7,1,1,7,46.7,8,3,10,19,21,0,15,13,5,9,1,7,70.0,3,7,9,24,6,0,446,67,8,3,30.0,7,70.0,282,3,12,8,256,18,622,36,26,8,47.1,7,41.2,408,3,16,2,421,32,90,100,85,7,4,14,6,1.0,2,2,0,0.0,0.1,1.9,-1.8,-1.76,90,100,85,7,4,14,7,1.0,2,2,0,0.0,1.9,0.1,1.8,1.76,0,9,0,0,0,39,12,35.3,0,12,0,0,0,60,22,64.7
81,Sassuolo,it Serie A,16,26.4,49.0,1,11,90,1.0,0,0,0,0,0,0,0,0,0.4,0.4,0.4,0.9,18,31,0.0,0.0,0.0,0.0,0.0,0.44,0.42,0.86,0.44,0.86,2024,81,it Serie A,16,27.0,51.0,1,11,90,1.0,2,2,4,2,0,0,0,0,1.3,1.3,0.9,2.2,24,52,2.0,2.0,4.0,2.0,4.0,1.32,0.93,2.24,1.32,2.24,2024,Sassuolo_2024,11,3,27.3,11.0,3.0,0.0,0.0,23.0,0,0.04,-0.4,-0.4,16,4,25.0,16.0,4.0,0.13,0.5,17.1,0,0.08,0.7,0.7,445,522,85.2,7478,2841,204,213,95.8,178,203,87.7,42,69,60.9,0.5,-0.4,10,34,5,1,446,536,83.2,8028,2504,190,209,90.9,198,220,90.0,49,82,59.8,1.0,1.1,9,34,11,2,469,53,1,3,14,12,7,5,1,0,0,12,498,36,1,7,29,17,7,1,5,0,2,11,21,21.0,17,2,1,0,0,0,0.0,0,0,0,0,0,0,28,28.0,24,2,2,0,0,4,4.0,3,1,0,0,0,0,10,6,5,5,0,2,13.3,13,8,12,22,20,0,13,7,8,3,2,8,36.4,14,9,9,22,12,0,621,98,14,14,63.6,8,36.4,389,5,12,5,436,31,623,52,28,13,86.7,2,13.3,344,7,10,8,438,50,90,100,80,6,5,21,6,0.0,0,2,-2,-2.0,0.4,1.3,-0.9,-0.88,90,100,80,6,5,21,6,3.0,2,0,2,2.0,1.3,0.4,0.9,0.88,0,9,0,0,0,40,9,52.9,0,13,0,0,0,49,8,47.1
82,Sevilla,es La Liga,21,30.5,60.5,2,22,180,2.0,3,2,5,3,0,0,5,1,1.4,1.4,1.0,2.3,32,71,1.5,1.0,2.5,1.5,2.5,0.68,0.48,1.16,0.68,1.16,2024,82,es La Liga,21,26.3,39.5,2,22,180,2.0,6,6,12,6,0,0,3,0,3.0,3.0,2.7,5.6,22,57,3.0,3.0,6.0,3.0,6.0,1.49,1.33,2.81,1.49,2.81,2024,Sevilla_2024,21,5,23.8,10.5,2.5,0.14,0.6,22.3,2,0.06,1.6,1.6,24,10,41.7,12.0,5.0,0.25,0.6,16.1,2,0.12,3.0,3.0,839,1092,76.8,15514,5210,366,423,86.5,349,427,81.7,103,182,56.6,1.5,1.0,15,61,13,6,469,698,67.2,8443,3815,226,282,80.1,175,242,72.3,54,129,41.9,1.8,3.3,20,38,16,8,957,131,1,14,62,65,12,3,6,0,4,22,589,109,4,7,31,50,5,1,0,0,0,14,39,19.5,26,4,5,2,1,6,3.0,3,0,3,0,0,0,45,22.5,38,0,3,3,0,12,6.0,11,0,1,0,0,0,37,21,13,14,10,14,46.7,16,13,17,54,22,0,41,22,21,18,2,19,48.7,20,15,12,53,63,1,1304,87,33,20,44.4,19,42.2,759,6,41,22,835,71,942,108,33,16,47.1,14,41.2,374,8,26,23,465,57,90,100,79,12,9,27,15,0.0,4,6,-2,-1.0,1.4,3.0,-1.6,-0.81,90,100,79,12,9,27,13,3.0,6,4,2,1.0,3.0,1.4,1.6,0.81,0,28,0,0,0,104,35,50.0,0,31,0,0,1,107,35,50.0
83,Sheffield Utd,eng Premier League,17,27.6,41.0,2,22,180,2.0,1,0,1,1,0,0,6,0,1.0,1.0,0.5,1.5,16,44,0.5,0.0,0.5,0.5,0.5,0.5,0.26,0.76,0.5,0.76,2024,83,eng Premier League,17,26.8,59.0,2,22,180,2.0,3,3,6,3,0,0,2,0,3.3,3.3,2.7,5.9,34,82,1.5,1.5,3.0,1.5,3.0,1.63,1.34,2.97,1.63,2.97,2024,Sheffield Utd_2024,15,4,26.7,7.5,2.0,0.07,0.25,19.1,0,0.07,0.0,0.0,40,12,30.0,20.0,6.0,0.08,0.25,17.3,1,0.08,-0.3,-0.3,537,784,68.5,9356,3787,263,324,81.2,192,246,78.0,65,167,38.9,0.8,-0.5,7,43,9,2,874,1111,78.7,16289,6272,356,420,84.8,403,477,84.5,101,161,62.7,2.4,0.3,33,65,16,3,682,98,2,2,34,41,12,4,6,1,4,20,991,115,1,10,38,61,11,3,8,0,5,26,22,11.0,14,4,1,0,2,1,0.5,0,0,0,1,0,0,72,36.0,45,11,3,4,1,6,3.0,6,0,0,0,0,0,44,26,22,12,10,20,50.0,20,22,28,72,52,0,41,20,21,11,9,24,75.0,8,19,18,59,41,1,1054,129,34,8,23.5,24,70.6,473,6,26,17,534,44,1369,116,56,20,45.5,20,45.5,775,7,43,24,866,81,90,100,83,13,9,16,9,0.0,1,3,-2,-1.0,1.0,3.3,-2.3,-1.13,90,100,83,13,9,16,12,3.0,3,1,2,1.0,3.3,1.0,2.3,1.13,0,27,0,0,0,105,33,35.1,0,16,0,0,0,109,61,64.9
84,Strasbourg,fr Ligue 1,17,26.0,40.0,2,22,180,2.0,2,1,3,2,0,0,3,0,1.8,1.8,1.7,3.4,23,62,1.0,0.5,1.5,1.0,1.5,0.89,0.84,1.72,0.89,1.72,2024,84,fr Ligue 1,17,25.5,60.0,2,22,180,2.0,4,3,7,4,0,0,4,0,2.6,2.6,1.9,4.5,38,115,2.0,1.5,3.5,2.0,3.5,1.3,0.97,2.27,1.3,2.27,2024,Strasbourg_2024,12,3,25.0,6.0,1.5,0.17,0.67,18.6,2,0.15,0.2,0.2,32,11,34.4,16.0,5.5,0.13,0.36,17.5,1,0.08,1.4,1.4,625,816,76.6,11515,4639,246,293,84.0,290,342,84.8,67,136,49.3,1.4,-0.7,8,54,4,1,1037,1232,84.2,19578,6855,384,448,85.7,513,572,89.7,114,163,69.9,2.6,1.1,23,88,22,5,716,95,3,5,24,30,4,1,3,0,5,14,1130,97,4,12,28,45,10,0,6,0,5,16,21,10.5,12,1,4,4,0,4,2.0,2,0,1,0,1,0,50,25.0,34,5,1,3,0,5,2.5,5,0,0,0,0,0,36,22,22,12,2,21,43.8,27,14,26,62,37,1,38,27,10,17,11,17,34.7,32,13,18,56,26,0,1028,150,20,32,61.5,17,32.7,707,6,27,21,622,62,1443,116,53,27,51.9,21,40.4,1112,14,28,15,1019,113,90,100,83,13,9,17,8,1.5,2,4,-2,-1.0,1.8,2.6,-0.8,-0.41,90,100,83,13,9,17,10,1.5,4,2,2,1.0,2.6,1.8,0.8,0.41,0,24,0,0,0,109,18,40.9,0,30,0,0,0,120,26,59.1
85,Stuttgart,de Bundesliga,16,25.2,60.0,1,11,90,1.0,5,5,10,5,0,0,1,0,3.0,3.0,2.8,5.8,39,51,5.0,5.0,10.0,5.0,10.0,3.05,2.76,5.81,3.05,5.81,2024,85,de Bundesliga,16,29.4,40.0,1,11,90,1.0,0,0,0,0,0,0,1,0,0.8,0.8,0.6,1.4,8,24,0.0,0.0,0.0,0.0,0.0,0.83,0.56,1.39,0.83,1.39,2024,Stuttgart_2024,21,9,42.9,21.0,9.0,0.24,0.56,16.6,0,0.15,2.0,2.0,4,1,25.0,4.0,1.0,0.0,0.0,11.8,0,0.21,-0.8,-0.8,506,601,84.2,8451,3196,251,277,90.6,188,212,88.7,47,74,63.5,1.9,2.2,17,43,9,2,298,402,74.1,5384,1700,128,145,88.3,135,160,84.4,30,76,39.5,0.3,-0.6,2,15,3,0,553,46,3,6,24,19,7,3,4,0,2,9,359,41,2,0,8,20,0,0,0,0,2,6,37,37.0,27,5,1,1,0,10,10.0,7,1,1,1,0,0,6,6.0,4,0,0,1,0,0,0.0,0,0,0,0,0,0,7,5,2,3,2,3,60.0,2,6,8,15,15,0,24,16,16,8,0,13,56.5,10,7,9,33,24,0,702,49,31,10,34.5,13,44.8,524,8,11,11,504,50,495,76,5,2,33.3,3,50.0,290,1,5,4,294,24,90,100,85,6,5,12,4,3.0,5,0,5,5.0,3.0,0.8,2.2,2.21,90,100,85,6,5,12,4,0.0,0,5,-5,-5.0,0.8,3.0,-2.2,-2.21,0,5,0,0,0,48,21,58.3,0,12,0,0,0,38,15,41.7
86,Torino,it Serie A,16,25.5,57.0,1,11,90,1.0,0,0,0,0,0,0,1,0,1.0,1.0,0.7,1.7,16,39,0.0,0.0,0.0,0.0,0.0,0.95,0.71,1.67,0.95,1.67,2024,86,it Serie A,16,24.9,43.0,1,11,90,1.0,0,0,0,0,0,0,1,0,0.4,0.4,0.3,0.6,7,26,0.0,0.0,0.0,0.0,0.0,0.39,0.25,0.64,0.39,0.64,2024,Torino_2024,11,2,18.2,11.0,2.0,0.0,0.0,17.1,0,0.09,-1.0,-1.0,8,2,25.0,8.0,2.0,0.0,0.0,20.2,1,0.05,-0.4,-0.4,381,496,76.8,7233,3097,158,188,84.0,164,187,87.7,50,95,52.6,0.7,-0.7,7,29,6,1,260,375,69.3,4857,2080,129,143,90.2,84,122,68.9,40,92,43.5,0.4,-0.3,4,19,6,0,439,56,0,3,20,22,8,7,0,0,1,9,334,39,1,5,14,17,3,2,1,0,2,5,17,17.0,11,2,1,1,0,0,0.0,0,0,0,0,0,0,16,16.0,10,0,3,2,1,0,0.0,0,0,0,0,0,0,10,6,6,3,1,0,0.0,8,3,8,18,15,0,18,13,10,5,3,8,42.1,11,6,10,28,17,0,586,56,15,11,57.9,8,42.1,298,4,19,10,372,39,469,59,13,8,80.0,0,0.0,231,3,18,10,250,23,90,100,80,6,5,22,8,1.0,0,0,0,0.0,1.0,0.4,0.6,0.57,90,100,80,6,5,22,7,1.0,0,0,0,0.0,0.4,1.0,-0.6,-0.57,0,8,0,0,0,54,21,51.2,0,12,0,0,0,69,20,48.8
87,Tottenham,eng Premier League,18,25.4,62.0,2,22,180,2.0,3,2,5,3,0,0,5,0,3.0,3.0,2.4,5.4,56,96,1.5,1.0,2.5,1.5,2.5,1.5,1.21,2.71,1.5,2.71,2024,87,eng Premier League,18,26.3,38.0,2,22,180,2.0,2,1,3,1,1,1,4,0,4.3,3.5,3.1,6.6,32,77,1.0,0.5,1.5,0.5,1.0,2.13,1.57,3.7,1.74,3.31,2024,Tottenham_2024,35,12,34.3,17.5,6.0,0.09,0.25,16.8,0,0.09,0.0,0.0,32,11,34.4,16.0,5.5,0.03,0.09,16.4,1,0.11,-2.3,-2.5,1118,1303,85.8,17065,5347,602,641,93.9,417,477,87.4,54,98,55.1,3.2,-0.4,24,107,19,3,616,787,78.3,10972,4391,297,332,89.5,233,276,84.4,71,129,55.0,2.3,-2.1,26,46,21,2,1215,87,6,6,39,34,11,6,5,0,1,27,694,88,7,12,27,38,9,1,5,1,5,15,57,28.5,39,4,6,2,0,6,3.0,4,1,0,0,1,0,58,29.0,40,6,3,4,0,4,2.0,2,0,1,0,1,0,31,19,13,12,6,14,48.3,15,14,15,46,38,0,39,20,20,14,5,23,43.4,30,25,16,55,53,0,1539,170,69,30,52.6,23,40.4,1082,18,26,16,1107,95,1048,160,60,15,42.9,14,40.0,549,15,26,17,611,77,90,100,82,14,8,22,10,2.0,4,2,2,1.0,3.0,4.3,-1.3,-0.63,90,100,82,14,8,22,8,0.5,2,4,-2,-1.0,4.3,3.0,1.3,0.63,0,22,0,1,0,99,14,35.9,0,20,1,0,1,104,25,64.1
88,Toulouse,fr Ligue 1,17,24.2,40.0,2,22,180,2.0,3,2,5,2,1,1,2,0,2.3,1.5,1.4,2.9,21,57,1.5,1.0,2.5,1.0,2.0,1.17,0.69,1.86,0.77,1.46,2024,88,fr Ligue 1,17,25.6,60.0,2,22,180,2.0,2,0,2,0,2,2,5,0,3.1,1.6,1.4,2.9,38,94,1.0,0.0,1.0,0.0,0.0,1.57,0.68,2.25,0.79,1.46,2024,Toulouse_2024,16,6,37.5,8.0,3.0,0.13,0.33,17.6,0,0.1,0.7,0.5,23,5,21.7,11.5,2.5,0.0,0.0,16.4,0,0.07,-1.1,-1.6,701,875,80.1,12467,4400,302,349,86.5,310,358,86.6,72,129,55.8,1.2,0.6,13,54,11,2,1111,1280,86.8,18693,6103,501,544,92.1,476,524,90.8,85,133,63.9,1.7,-1.4,20,87,15,3,778,94,1,4,20,39,10,4,4,0,3,13,1193,82,2,3,33,32,12,6,4,0,5,22,29,14.5,22,4,0,1,1,6,3.0,3,2,0,0,1,0,46,23.0,28,6,5,3,0,4,2.0,1,1,0,0,2,0,26,15,18,7,1,12,38.7,19,18,14,40,30,0,24,15,9,11,4,12,54.5,10,14,18,42,21,0,1069,112,25,10,41.7,12,50.0,757,3,38,12,695,57,1464,111,45,19,51.4,12,32.4,1174,9,34,14,1103,93,90,100,85,12,10,12,8,2.0,3,2,1,0.5,2.3,3.1,-0.8,-0.41,90,100,85,12,10,12,9,0.5,2,3,-1,-0.5,3.1,2.3,0.8,0.41,0,22,1,2,0,97,26,63.4,0,25,2,1,0,101,15,36.6
89,Udinese,it Serie A,16,26.6,49.0,1,11,90,1.0,0,0,0,0,0,0,1,0,1.0,1.0,0.8,1.8,32,40,0.0,0.0,0.0,0.0,0.0,0.98,0.83,1.81,0.98,1.81,2024,89,it Serie A,16,26.9,51.0,1,11,90,1.0,3,2,5,2,1,1,3,0,1.8,1.1,1.0,2.1,18,19,3.0,2.0,5.0,2.0,4.0,1.81,1.01,2.83,1.06,2.07,2024,Udinese_2024,18,5,27.8,18.0,5.0,0.0,0.0,22.8,1,0.06,-1.0,-1.0,8,3,37.5,8.0,3.0,0.25,0.67,17.0,0,0.13,1.2,0.9,406,479,84.8,7283,2308,166,180,92.2,179,198,90.4,46,72,63.9,0.9,-0.8,14,40,9,3,411,503,81.7,6766,2308,203,231,87.9,161,179,89.9,35,65,53.8,0.7,1.0,7,19,5,2,430,46,1,5,24,17,7,5,0,0,3,6,458,41,2,3,8,9,3,0,2,0,4,7,34,34.0,28,1,1,1,0,0,0.0,0,0,0,0,0,0,14,14.0,12,1,0,0,1,4,4.0,4,0,0,0,0,0,11,6,6,1,4,5,35.7,9,7,7,18,10,2,21,14,11,9,1,13,65.0,7,4,5,26,21,0,577,39,19,7,31.8,13,59.1,405,5,17,8,405,40,606,84,20,9,47.4,5,26.3,361,6,10,6,405,19,90,100,75,6,5,33,10,0.0,0,3,-3,-3.0,1.0,1.8,-0.8,-0.83,90,100,75,6,5,33,9,3.0,3,0,3,3.0,1.8,1.0,0.8,0.83,0,12,0,1,0,50,7,43.8,0,10,0,0,0,42,9,56.3
90,Union Berlin,de Bundesliga,16,28.1,47.0,1,11,90,1.0,4,4,8,4,0,0,1,0,1.9,1.9,1.6,3.5,5,27,4.0,4.0,8.0,4.0,8.0,1.91,1.58,3.49,1.91,3.49,2024,90,de Bundesliga,16,27.7,53.0,1,11,90,1.0,1,0,1,1,0,2,5,0,2.3,0.7,0.5,1.2,11,38,1.0,0.0,1.0,1.0,1.0,2.29,0.47,2.76,0.72,1.18,2024,Union Berlin_2024,11,6,54.5,11.0,6.0,0.36,0.67,14.8,2,0.17,2.1,2.1,8,1,12.5,8.0,1.0,0.13,1.0,18.5,0,0.09,-1.3,0.3,305,417,73.1,6325,2567,97,125,77.6,162,190,85.3,43,90,47.8,1.1,2.4,7,19,7,4,358,475,75.4,6659,2257,142,174,81.6,164,203,80.8,43,77,55.8,1.1,-0.5,5,29,7,2,367,49,1,0,15,23,3,0,2,0,1,7,434,41,0,2,17,20,1,1,0,0,0,9,21,21.0,12,3,1,2,1,8,8.0,7,0,1,0,0,0,17,17.0,14,0,0,1,1,1,1.0,1,0,0,0,0,0,7,3,3,3,1,2,66.7,1,7,4,11,21,0,13,9,7,4,2,7,70.0,3,7,14,27,11,0,511,69,17,3,25.0,7,58.3,303,3,11,6,301,26,570,32,18,1,33.3,2,66.7,359,1,18,5,355,38,90,100,84,6,5,14,4,3.0,4,1,3,3.0,1.9,2.3,-0.4,-0.39,90,100,84,6,5,14,4,0.0,1,4,-3,-3.0,2.3,1.9,0.4,0.39,0,15,0,2,0,45,34,57.6,0,16,1,0,0,46,25,42.4
91,Valencia,es La Liga,16,24.8,42.0,2,22,180,2.0,3,2,5,2,1,1,2,0,2.7,1.9,1.7,3.6,29,53,1.5,1.0,2.5,1.0,2.0,1.33,0.87,2.2,0.94,1.81,2024,91,es La Liga,16,28.9,58.0,2,22,180,2.0,1,1,2,1,0,0,3,1,1.2,1.2,1.2,2.4,24,58,0.5,0.5,1.0,0.5,1.0,0.62,0.58,1.2,0.62,1.2,2024,Valencia_2024,18,6,33.3,9.0,3.0,0.11,0.33,16.6,1,0.1,0.3,0.1,16,4,25.0,8.0,2.0,0.06,0.25,21.3,1,0.08,-0.2,-0.2,592,796,74.4,10719,3863,255,297,85.9,259,303,85.5,59,146,40.4,1.3,0.3,15,45,12,4,888,1115,79.6,15092,5349,450,507,88.8,334,390,85.6,83,153,54.2,1.0,-0.2,13,54,12,6,696,98,5,12,31,52,7,2,3,0,2,16,989,122,1,7,43,60,12,2,5,0,4,23,35,17.5,28,2,2,1,1,5,2.5,5,0,0,0,0,0,29,14.5,22,2,3,1,1,2,1.0,1,0,1,0,0,0,40,22,20,16,4,22,50.0,22,18,19,59,45,1,42,25,14,18,10,14,37.8,23,15,16,58,22,0,1018,100,28,23,56.1,14,34.1,516,8,23,28,589,53,1324,95,24,22,42.3,22,42.3,813,6,32,18,880,57,90,100,82,13,9,20,13,3.0,3,1,2,1.0,2.7,1.2,1.4,0.71,90,100,82,13,9,20,15,0.0,1,3,-2,-1.0,1.2,2.7,-1.4,-0.71,0,29,0,0,0,111,29,50.9,0,21,0,1,0,103,28,49.1
92,Villarreal,es La Liga,19,26.9,61.5,2,22,180,2.0,2,1,3,2,0,0,5,0,2.8,2.8,1.6,4.4,40,96,1.0,0.5,1.5,1.0,1.5,1.38,0.81,2.19,1.38,2.19,2024,92,es La Liga,19,28.5,38.5,2,22,180,2.0,2,2,4,2,0,0,5,0,1.4,1.4,1.3,2.7,44,57,1.0,1.0,2.0,1.0,2.0,0.72,0.64,1.36,0.72,1.36,2024,Villarreal_2024,33,8,24.2,16.5,4.0,0.06,0.25,16.0,0,0.09,-0.8,-0.8,20,6,30.0,10.0,3.0,0.1,0.33,18.1,1,0.07,0.6,0.6,997,1158,86.1,16198,5919,541,579,93.4,370,417,88.7,72,119,60.5,2.6,-0.6,24,77,20,5,561,720,77.9,10353,4311,261,305,85.6,204,236,86.4,75,133,56.4,1.8,0.7,15,48,14,5,1053,102,3,5,34,39,14,5,6,0,3,17,634,79,1,8,42,25,10,3,5,0,7,13,59,29.5,43,5,4,1,1,3,1.5,0,1,0,1,1,0,34,17.0,23,3,2,2,1,4,2.0,3,0,1,0,0,0,38,28,18,18,2,18,60.0,12,10,15,53,34,0,52,34,20,23,9,25,62.5,15,16,22,74,36,1,1383,114,58,15,35.7,25,59.5,836,11,28,27,977,95,954,131,38,12,33.3,18,50.0,536,6,28,20,553,56,90,100,81,13,9,23,12,1.5,2,2,0,0.0,2.8,1.4,1.3,0.66,90,100,81,13,9,23,11,1.5,2,2,0,0.0,1.4,2.8,-1.3,-0.66,0,24,0,0,0,103,33,61.1,0,29,0,0,0,108,21,38.9
93,Werder Bremen,de Bundesliga,16,28.2,28.0,1,11,90,1.0,0,0,0,0,0,0,2,0,0.6,0.6,0.4,0.9,7,25,0.0,0.0,0.0,0.0,0.0,0.55,0.37,0.92,0.55,0.92,2024,93,de Bundesliga,16,27.0,72.0,1,11,90,1.0,4,4,8,4,0,0,1,0,2.8,2.8,2.7,5.6,46,52,4.0,4.0,8.0,4.0,8.0,2.84,2.75,5.59,2.84,5.59,2024,Werder Bremen_2024,6,1,16.7,6.0,1.0,0.0,0.0,20.7,1,0.09,-0.6,-0.6,25,10,40.0,25.0,10.0,0.16,0.4,19.1,1,0.11,1.2,1.2,191,275,69.5,3971,1925,74,91,81.3,82,108,75.9,33,61,54.1,0.4,-0.4,3,15,3,0,629,707,89.0,10584,3649,294,313,93.9,276,299,92.3,46,64,71.9,2.3,1.3,23,48,11,1,235,37,0,5,12,10,0,0,0,0,3,6,655,52,2,2,18,21,6,2,4,0,0,12,11,11.0,8,0,1,1,1,0,0.0,0,0,0,0,0,0,48,48.0,35,5,3,3,0,8,8.0,8,0,0,0,0,0,29,17,14,13,2,18,47.4,20,12,3,32,16,0,3,2,1,2,0,2,40.0,3,7,6,9,9,0,383,74,6,3,50.0,2,33.3,194,1,10,1,190,25,811,60,42,20,48.8,18,43.9,621,19,11,11,622,51,90,100,81,6,5,20,4,0.0,0,4,-4,-4.0,0.6,2.8,-2.3,-2.29,90,100,81,6,5,20,4,3.0,4,0,4,4.0,2.8,0.6,2.3,2.29,0,17,0,0,0,44,15,46.9,0,11,0,0,0,61,17,53.1
94,West Ham,eng Premier League,17,28.9,31.5,2,22,180,2.0,4,3,7,3,1,1,8,1,2.9,2.1,1.5,3.5,21,43,2.0,1.5,3.5,1.5,3.0,1.43,0.73,2.16,1.04,1.76,2024,94,eng Premier League,17,25.4,68.5,2,22,180,2.0,2,0,2,2,0,1,4,0,3.8,3.0,1.7,4.7,50,99,1.0,0.0,1.0,1.0,1.0,1.9,0.85,2.75,1.51,2.36,2024,West Ham_2024,27,7,25.9,13.5,3.5,0.11,0.43,17.6,0,0.08,1.1,0.9,30,8,26.7,15.0,4.0,0.07,0.25,18.8,1,0.1,-1.8,-1.0,411,606,67.8,7340,3651,185,226,81.9,142,184,77.2,58,129,45.0,1.6,1.5,22,28,12,4,1111,1339,83.0,17991,5473,572,629,90.9,424,476,89.1,83,156,53.2,2.1,-1.7,20,85,25,7,514,87,4,8,23,37,7,5,2,0,5,20,1234,103,7,5,57,37,19,12,1,1,2,23,47,23.5,33,6,3,1,3,8,4.0,4,1,0,0,1,2,55,27.5,36,4,7,3,1,4,2.0,1,0,2,1,0,0,44,25,22,18,4,19,43.2,25,17,24,68,59,1,33,17,11,14,8,12,44.4,15,17,10,43,26,2,880,148,43,15,48.4,12,38.7,386,8,40,21,403,43,1565,108,70,25,45.5,19,34.5,1015,15,32,25,1097,99,90,100,86,15,6,11,12,2.0,4,2,2,1.0,2.9,3.8,-0.9,-0.47,90,100,86,15,6,11,9,0.5,2,4,-2,-1.0,3.8,2.9,0.9,0.47,1,26,1,1,0,102,40,53.3,0,18,1,1,0,114,35,46.7
95,Wolfsburg,de Bundesliga,16,25.5,48.0,1,11,90,1.0,2,2,4,2,0,0,3,0,2.2,2.2,1.2,3.3,21,42,2.0,2.0,4.0,2.0,4.0,2.18,1.15,3.33,2.18,3.33,2024,95,de Bundesliga,16,26.9,52.0,1,11,90,1.0,0,0,0,0,0,0,0,0,1.2,1.2,1.0,2.2,17,41,0.0,0.0,0.0,0.0,0.0,1.17,1.02,2.19,1.17,2.19,2024,Wolfsburg_2024,18,8,44.4,18.0,8.0,0.11,0.25,15.5,0,0.12,-0.2,-0.2,14,1,7.1,14.0,1.0,0.0,0.0,16.3,0,0.08,-1.2,-1.2,409,505,81.0,7381,2770,168,188,89.4,202,229,88.2,30,54,55.6,1.0,0.8,13,23,8,1,420,542,77.5,8504,2976,134,172,77.9,210,229,91.7,67,103,65.0,1.4,-1.0,10,32,9,3,467,36,2,3,8,18,1,1,0,0,2,13,487,55,0,2,24,25,7,4,3,0,0,19,33,33.0,28,0,4,0,1,4,4.0,4,0,0,0,0,0,22,22.0,15,2,3,0,0,0,0.0,0,0,0,0,0,0,17,11,13,2,2,13,50.0,13,17,16,33,17,0,20,11,9,8,3,12,63.2,7,13,13,33,7,2,649,59,24,7,33.3,12,57.1,337,7,20,8,406,41,655,61,20,13,44.8,13,44.8,351,2,15,4,418,41,90,100,83,6,5,16,4,3.0,2,0,2,2.0,2.2,1.2,1.0,1.0,90,100,83,6,5,16,4,0.0,0,2,-2,-2.0,1.2,2.2,-1.0,-1.0,0,10,0,0,0,64,18,46.2,0,9,0,0,0,51,21,53.8
96,Wolves,eng Premier League,16,26.8,48.0,2,22,180,2.0,1,1,2,1,0,0,8,1,4.3,4.3,3.3,7.5,55,67,0.5,0.5,1.0,0.5,1.0,2.14,1.63,3.77,2.14,3.77,2024,96,eng Premier League,16,27.6,52.0,2,22,180,2.0,5,5,10,5,0,0,8,0,4.4,4.4,4.3,8.7,45,88,2.5,2.5,5.0,2.5,5.0,2.2,2.17,4.37,2.2,4.37,2024,Wolves_2024,39,11,28.2,19.5,5.5,0.03,0.09,15.6,0,0.12,-3.3,-3.3,31,10,32.3,15.5,5.0,0.16,0.5,15.2,0,0.14,0.6,0.6,805,996,80.8,12500,4656,448,489,91.6,283,325,87.1,54,118,45.8,3.0,-2.3,31,49,20,6,903,1087,83.1,14103,4863,465,525,88.6,332,375,88.5,65,116,56.0,3.6,0.7,28,63,22,1,891,98,4,2,39,32,12,10,1,0,7,22,990,89,6,5,26,28,11,2,5,0,8,14,70,35.0,43,7,7,4,3,2,1.0,0,1,0,1,0,0,59,29.5,45,1,6,0,4,10,5.0,7,0,2,1,0,0,43,25,29,12,2,19,44.2,24,12,24,67,27,0,43,28,21,18,4,17,27.0,46,20,18,61,42,0,1238,156,73,46,68.7,17,25.4,799,16,40,26,792,66,1353,174,67,24,50.0,19,39.6,770,21,32,24,885,87,90,100,83,13,8,19,10,0.0,1,5,-4,-2.0,4.3,4.4,-0.1,-0.06,90,100,83,13,8,19,8,3.0,5,1,4,2.0,4.4,4.3,0.1,0.06,1,24,0,0,0,123,22,64.7,0,26,0,0,0,125,12,35.3
