player,nationality,age,minutes,goals,assists,pens_made,pens_att,shots,shots_on_target,cards_yellow,cards_red,touches,tackles,interceptions,blocks,xg,npxg,xg_assist,sca,gca,passes_completed,passes,passes_pct,progressive_passes,carries,progressive_carries,take_ons,take_ons_won,passes_total_distance,passes_progressive_distance,passes_completed_short,passes_short,passes_pct_short,passes_completed_medium,passes_medium,passes_pct_medium,passes_completed_long,passes_long,passes_pct_long,pass_xa,assisted_shots,passes_into_final_third,passes_into_penalty_area,crosses_into_penalty_area,passes_live,passes_dead,passes_free_kicks,through_balls,passes_switches,crosses,throw_ins,corner_kicks,corner_kicks_in,corner_kicks_out,corner_kicks_straight,passes_offsides,passes_blocked,tackles_won,tackles_def_3rd,tackles_mid_3rd,tackles_att_3rd,challenge_tackles,challenges,challenge_tackles_pct,challenges_lost,blocked_shots,blocked_passes,tackles_interceptions,clearances,errors,touches_def_pen_area,touches_def_3rd,touches_mid_3rd,touches_att_3rd,touches_att_pen_area,touches_live_ball,take_ons_won_pct,take_ons_tackled,take_ons_tackled_pct,carries_distance,carries_progressive_distance,carries_into_final_third,carries_into_penalty_area,miscontrols,dispossessed,passes_received,progressive_passes_received,cards_yellow_red,fouls,fouled,offsides,pens_won,pens_conceded,own_goals,ball_recoveries,aerials_won,aerials_lost,aerials_won_pct,home,season_long,position,position_2,position_3,position_4,minutes_per90,match_teams,season_match_teams,home_xg,away_xg,home_score,away_score,date,referee,venue,dayofweek,start_time,attendance,Unnamed: 0,winning_team,losing_team,age_per90,goals_per90,assists_per90,pens_made_per90,pens_att_per90,shots_per90,shots_on_target_per90,cards_yellow_per90,cards_red_per90,touches_per90,tackles_per90,interceptions_per90,blocks_per90,xg_per90,npxg_per90,xg_assist_per90,sca_per90,gca_per90,passes_completed_per90,passes_per90,passes_pct_per90,progressive_passes_per90,carries_per90,progressive_carries_per90,take_ons_per90,take_ons_won_per90,passes_total_distance_per90,passes_progressive_distance_per90,passes_completed_short_per90,passes_short_per90,passes_pct_short_per90,passes_completed_medium_per90,passes_medium_per90,passes_pct_medium_per90,passes_completed_long_per90,passes_long_per90,passes_pct_long_per90,pass_xa_per90,assisted_shots_per90,passes_into_final_third_per90,passes_into_penalty_area_per90,crosses_into_penalty_area_per90,passes_live_per90,passes_dead_per90,passes_free_kicks_per90,through_balls_per90,passes_switches_per90,crosses_per90,throw_ins_per90,corner_kicks_per90,corner_kicks_in_per90,corner_kicks_out_per90,corner_kicks_straight_per90,passes_offsides_per90,passes_blocked_per90,tackles_won_per90,tackles_def_3rd_per90,tackles_mid_3rd_per90,tackles_att_3rd_per90,challenge_tackles_per90,challenges_per90,challenge_tackles_pct_per90,challenges_lost_per90,blocked_shots_per90,blocked_passes_per90,tackles_interceptions_per90,clearances_per90,errors_per90,touches_def_pen_area_per90,touches_def_3rd_per90,touches_mid_3rd_per90,touches_att_3rd_per90,touches_att_pen_area_per90,touches_live_ball_per90,take_ons_won_pct_per90,take_ons_tackled_per90,take_ons_tackled_pct_per90,carries_distance_per90,carries_progressive_distance_per90,carries_into_final_third_per90,carries_into_penalty_area_per90,miscontrols_per90,dispossessed_per90,passes_received_per90,progressive_passes_received_per90,cards_yellow_red_per90,fouls_per90,fouled_per90,offsides_per90,pens_won_per90,pens_conceded_per90,own_goals_per90,ball_recoveries_per90,aerials_won_per90,aerials_lost_per90,aerials_won_pct_per90,minutes_per90_per90,home_xg_per90,away_xg_per90,home_score_per90,away_score_per90,Unnamed: 0_per90
Kai Havertz,GER,23,90.0,0,0,0,0,1,1,0,0,48.0,2.0,2,0.0,0.1,0.1,0.3,4.0,0.0,34.0,40.0,85.0,5.0,33.0,3.0,1.0,0.0,454.0,102.0,21.0,25.0,84.0,9.0,10.0,90.0,1.0,1.0,100.0,0.2,4.0,3.0,2.0,0.0,38.0,2.0,0.0,0.0,0.0,0,0.0,0.0,0.0,0.0,0.0,0.0,0.0,0,0.0,1.0,1.0,1.0,1.0,100.0,0.0,0.0,0.0,4.0,0.0,0.0,0.0,7.0,22.0,19.0,3.0,48.0,0.0,1.0,100.0,148.0,68.0,1.0,1.0,0.0,2.0,35.0,3.0,0,0,2,1,0.0,0.0,0,7.0,2.0,6.0,25.0,True,2022-2023,AM,FW,None,None,1.0,Chelsea_Manchester_City,Chelsea_Manchester_City_2022,0.4,2.1,0.0,1.0,2023-01-05,Paul Tierney,Stamford Bridge,Thu,20:00,"39,998",192,Manchester City,Chelsea,23.0,0.0,0.0,0.0,0.0,1.0,1.0,0.0,0.0,48.0,2.0,2.0,0.0,0.1,0.1,0.3,4.0,0.0,34.0,40.0,85.0,5.0,33.0,3.0,1.0,0.0,454.0,102.0,21.0,25.0,84.0,9.0,10.0,90.0,1.0,1.0,100.0,0.2,4.0,3.0,2.0,0.0,38.0,2.0,0.0,0.0,0.0,0.0,0.0,0.0,0.0,0.0,0.0,0.0,0.0,0.0,0.0,1.0,1.0,1.0,1.0,100.0,0.0,0.0,0.0,4.0,0.0,0.0,0.0,7.0,22.0,19.0,3.0,48.0,0.0,1.0,100.0,148.0,68.0,1.0,1.0,0.0,2.0,35.0,3.0,0.0,0.0,2.0,1.0,0.0,0.0,0.0,7.0,2.0,6.0,25.0,1.0,0.4,2.1,0.0,1.0,192.0
Christian Pulisic,USA,24,21.0,0,0,0,0,1,0,0,0,8.0,1.0,0,0.0,0.1,0.1,0.0,0.0,0.0,4.0,5.0,80.0,0.0,5.0,0.0,0.0,0.0,53.0,24.0,2.0,3.0,66.7,2.0,2.0,100.0,0.0,0.0,0.0,0.0,0.0,0.0,0.0,0.0,5.0,0.0,0.0,0.0,0.0,0,0.0,0.0,0.0,0.0,0.0,0.0,0.0,0,1.0,0.0,0.0,0.0,0.0,0.0,0.0,0.0,0.0,1.0,0.0,0.0,0.0,3.0,3.0,2.0,1.0,8.0,0.0,0.0,0.0,13.0,5.0,0.0,0.0,0.0,0.0,6.0,1.0,0,0,1,0,0.0,0.0,0,1.0,0.0,0.0,0.0,True,2022-2023,LW,None,None,None,0.23333333333333334,Chelsea_Manchester_City,Chelsea_Manchester_City_2022,0.4,2.1,0.0,1.0,2023-01-05,Paul Tierney,Stamford Bridge,Thu,20:00,"39,998",192,Manchester City,Chelsea,102.85714285714286,0.0,0.0,0.0,0.0,4.285714285714286,0.0,0.0,0.0,34.285714285714285,4.285714285714286,0.0,0.0,0.4285714285714286,0.4285714285714286,0.0,0.0,0.0,17.142857142857142,21.428571428571427,342.85714285714283,0.0,21.428571428571427,0.0,0.0,0.0,227.14285714285714,102.85714285714286,8.571428571428571,12.857142857142858,285.8571428571429,8.571428571428571,8.571428571428571,428.57142857142856,0.0,0.0,0.0,0.0,0.0,0.0,0.0,0.0,21.428571428571427,0.0,0.0,0.0,0.0,0.0,0.0,0.0,0.0,0.0,0.0,0.0,0.0,0.0,4.285714285714286,0.0,0.0,0.0,0.0,0.0,0.0,0.0,0.0,4.285714285714286,0.0,0.0,0.0,12.857142857142858,12.857142857142858,8.571428571428571,4.285714285714286,34.285714285714285,0.0,0.0,0.0,55.714285714285715,21.428571428571427,0.0,0.0,0.0,0.0,25.714285714285715,4.285714285714286,0.0,0.0,4.285714285714286,0.0,0.0,0.0,0.0,4.285714285714286,0.0,0.0,0.0,1.0,1.7142857142857144,9.0,0.0,4.285714285714286,822.8571428571429
Carney Chukwuemeka,ENG,19,69.0,0,0,0,0,2,0,0,0,42.0,6.0,2,0.0,0.2,0.2,0.0,3.0,0.0,27.0,31.0,87.1,4.0,26.0,6.0,2.0,0.0,274.0,77.0,22.0,24.0,91.7,1.0,3.0,33.3,1.0,1.0,100.0,0.1,1.0,1.0,2.0,1.0,31.0,0.0,0.0,0.0,0.0,1,0.0,0.0,0.0,0.0,0.0,0.0,0.0,2,3.0,3.0,0.0,1.0,1.0,100.0,0.0,0.0,0.0,8.0,0.0,0.0,2.0,13.0,15.0,15.0,1.0,42.0,0.0,2.0,100.0,221.0,172.0,2.0,0.0,2.0,2.0,28.0,1.0,0,0,0,0,0.0,0.0,0,5.0,0.0,0.0,0.0,True,2022-2023,LW,None,None,None,0.7666666666666667,Chelsea_Manchester_City,Chelsea_Manchester_City_2022,0.4,2.1,0.0,1.0,2023-01-05,Paul Tierney,Stamford Bridge,Thu,20:00,"39,998",192,Manchester City,Chelsea,24.782608695652172,0.0,0.0,0.0,0.0,2.608695652173913,0.0,0.0,0.0,54.78260869565217,7.826086956521738,2.608695652173913,0.0,0.2608695652173913,0.2608695652173913,0.0,3.913043478260869,0.0,35.21739130434782,40.43478260869565,113.60869565217389,5.217391304347826,33.91304347826087,7.826086956521738,2.608695652173913,0.0,357.39130434782606,100.43478260869564,28.695652173913043,31.304347826086953,119.6086956521739,1.3043478260869565,3.913043478260869,43.43478260869565,1.3043478260869565,1.3043478260869565,130.43478260869566,0.13043478260869565,1.3043478260869565,1.3043478260869565,2.608695652173913,1.3043478260869565,40.43478260869565,0.0,0.0,0.0,0.0,1.3043478260869565,0.0,0.0,0.0,0.0,0.0,0.0,0.0,2.608695652173913,3.913043478260869,3.913043478260869,0.0,1.3043478260869565,1.3043478260869565,130.43478260869566,0.0,0.0,0.0,10.434782608695652,0.0,0.0,2.608695652173913,16.956521739130434,19.565217391304348,19.565217391304348,1.3043478260869565,54.78260869565217,0.0,2.608695652173913,130.43478260869566,288.2608695652174,224.3478260869565,2.608695652173913,0.0,2.608695652173913,2.608695652173913,36.52173913043478,1.3043478260869565,0.0,0.0,0.0,0.0,0.0,0.0,0.0,6.521739130434782,0.0,0.0,0.0,1.0,0.5217391304347826,2.7391304347826084,0.0,1.3043478260869565,250.43478260869563
Hakim Ziyech,MAR,29,68.0,0,0,0,0,1,1,0,0,48.0,2.0,0,1.0,0.0,0.0,0.0,1.0,0.0,21.0,37.0,56.8,3.0,34.0,1.0,2.0,0.0,306.0,142.0,11.0,13.0,84.6,6.0,11.0,54.5,2.0,7.0,28.6,0.1,0.0,2.0,1.0,1.0,31.0,4.0,1.0,0.0,0.0,7,0.0,3.0,2.0,1.0,0.0,2.0,1.0,1,0.0,1.0,1.0,0.0,0.0,0.0,0.0,0.0,1.0,2.0,0.0,0.0,0.0,5.0,20.0,23.0,1.0,48.0,0.0,2.0,100.0,148.0,89.0,4.0,0.0,0.0,1.0,34.0,5.0,0,0,2,0,0.0,0.0,0,4.0,0.0,0.0,0.0,True,2022-2023,RW,None,None,None,0.7555555555555555,Chelsea_Manchester_City,Chelsea_Manchester_City_2022,0.4,2.1,0.0,1.0,2023-01-05,Paul Tierney,Stamford Bridge,Thu,20:00,"39,998",192,Manchester City,Chelsea,38.38235294117647,0.0,0.0,0.0,0.0,1.3235294117647058,1.3235294117647058,0.0,0.0,63.529411764705884,2.6470588235294117,0.0,1.3235294117647058,0.0,0.0,0.0,1.3235294117647058,0.0,27.794117647058822,48.970588235294116,75.17647058823529,3.9705882352941178,45.0,1.3235294117647058,2.6470588235294117,0.0,405.0,187.94117647058823,14.558823529411764,17.205882352941178,111.97058823529412,7.9411764705882355,14.558823529411764,72.13235294117648,2.6470588235294117,9.264705882352942,37.852941176470594,0.1323529411764706,0.0,2.6470588235294117,1.3235294117647058,1.3235294117647058,41.029411764705884,5.294117647058823,1.3235294117647058,0.0,0.0,9.264705882352942,0.0,3.9705882352941178,2.6470588235294117,1.3235294117647058,0.0,2.6470588235294117,1.3235294117647058,1.3235294117647058,0.0,1.3235294117647058,1.3235294117647058,0.0,0.0,0.0,0.0,0.0,1.3235294117647058,2.6470588235294117,0.0,0.0,0.0,6.61764705882353,26.47058823529412,30.441176470588236,1.3235294117647058,63.529411764705884,0.0,2.6470588235294117,132.35294117647058,195.88235294117646,117.79411764705883,5.294117647058823,0.0,0.0,1.3235294117647058,45.0,6.61764705882353,0.0,0.0,2.6470588235294117,0.0,0.0,0.0,0.0,5.294117647058823,0.0,0.0,0.0,1.0,0.5294117647058824,2.7794117647058827,0.0,1.3235294117647058,254.11764705882354
Conor Gallagher,ENG,22,22.0,0,0,0,0,0,0,0,0,12.0,0.0,0,0.0,0.0,0.0,0.0,0.0,0.0,4.0,7.0,57.1,0.0,11.0,1.0,3.0,1.0,46.0,19.0,3.0,5.0,60.0,1.0,2.0,50.0,0.0,0.0,0.0,0.0,1.0,1.0,0.0,0.0,6.0,1.0,1.0,0.0,0.0,1,0.0,0.0,0.0,0.0,0.0,0.0,0.0,0,0.0,0.0,0.0,0.0,0.0,0.0,0.0,0.0,0.0,0.0,0.0,0.0,0.0,1.0,2.0,9.0,0.0,12.0,33.3,1.0,33.3,64.0,19.0,1.0,0.0,2.0,1.0,11.0,2.0,0,1,2,0,0.0,0.0,0,1.0,0.0,0.0,0.0,True,2022-2023,AM,None,None,None,0.24444444444444444,Chelsea_Manchester_City,Chelsea_Manchester_City_2022,0.4,2.1,0.0,1.0,2023-01-05,Paul Tierney,Stamford Bridge,Thu,20:00,"39,998",192,Manchester City,Chelsea,90.0,0.0,0.0,0.0,0.0,0.0,0.0,0.0,0.0,49.09090909090909,0.0,0.0,0.0,0.0,0.0,0.0,0.0,0.0,16.363636363636363,28.636363636363637,233.5909090909091,0.0,45.0,4.090909090909091,12.272727272727273,4.090909090909091,188.1818181818182,77.72727272727273,12.272727272727273,20.454545454545457,245.45454545454547,4.090909090909091,8.181818181818182,204.54545454545456,0.0,0.0,0.0,0.0,4.090909090909091,4.090909090909091,0.0,0.0,24.545454545454547,4.090909090909091,4.090909090909091,0.0,0.0,4.090909090909091,0.0,0.0,0.0,0.0,0.0,0.0,0.0,0.0,0.0,0.0,0.0,0.0,0.0,0.0,0.0,0.0,0.0,0.0,0.0,0.0,0.0,4.090909090909091,8.181818181818182,36.81818181818182,0.0,49.09090909090909,136.22727272727272,4.090909090909091,136.22727272727272,261.8181818181818,77.72727272727273,4.090909090909091,0.0,8.181818181818182,4.090909090909091,45.0,8.181818181818182,0.0,4.090909090909091,8.181818181818182,0.0,0.0,0.0,0.0,4.090909090909091,0.0,0.0,0.0,1.0,1.6363636363636365,8.590909090909092,0.0,4.090909090909091,785.4545454545455
Raheem Sterling,ENG,28,4.0,0,0,0,0,0,0,0,0,1.0,0.0,0,0.0,0.0,0.0,0.0,0.0,0.0,1.0,1.0,100.0,0.0,1.0,0.0,0.0,0.0,6.0,0.0,1.0,1.0,100.0,0.0,0.0,0.0,0.0,0.0,0.0,0.0,0.0,0.0,0.0,0.0,1.0,0.0,0.0,0.0,0.0,0,0.0,0.0,0.0,0.0,0.0,0.0,0.0,0,0.0,0.0,0.0,0.0,0.0,0.0,0.0,0.0,0.0,0.0,0.0,0.0,0.0,0.0,1.0,0.0,0.0,1.0,0.0,0.0,0.0,2.0,0.0,0.0,0.0,0.0,1.0,2.0,0.0,0,0,0,0,0.0,0.0,0,0.0,0.0,0.0,0.0,True,2022-2023,AM,None,None,None,0.044444444444444446,Chelsea_Manchester_City,Chelsea_Manchester_City_2022,0.4,2.1,0.0,1.0,2023-01-05,Paul Tierney,Stamford Bridge,Thu,20:00,"39,998",192,Manchester City,Chelsea,630.0,0.0,0.0,0.0,0.0,0.0,0.0,0.0,0.0,22.5,0.0,0.0,0.0,0.0,0.0,0.0,0.0,0.0,22.5,22.5,2250.0,0.0,22.5,0.0,0.0,0.0,135.0,0.0,22.5,22.5,2250.0,0.0,0.0,0.0,0.0,0.0,0.0,0.0,0.0,0.0,0.0,0.0,22.5,0.0,0.0,0.0,0.0,0.0,0.0,0.0,0.0,0.0,0.0,0.0,0.0,0.0,0.0,0.0,0.0,0.0,0.0,0.0,0.0,0.0,0.0,0.0,0.0,0.0,0.0,0.0,22.5,0.0,0.0,22.5,0.0,0.0,0.0,45.0,0.0,0.0,0.0,0.0,22.5,45.0,0.0,0.0,0.0,0.0,0.0,0.0,0.0,0.0,0.0,0.0,0.0,0.0,1.0,9.0,47.25,0.0,22.5,4320.0
Pierre-Emerick Aubameyang,GAB,33,63.0,0,0,0,0,0,0,0,0,13.0,1.0,0,0.0,0.0,0.0,0.0,0.0,0.0,9.0,12.0,75.0,0.0,11.0,1.0,0.0,0.0,98.0,23.0,7.0,7.0,100.0,2.0,3.0,66.7,0.0,0.0,0.0,0.0,0.0,0.0,0.0,0.0,12.0,0.0,0.0,0.0,0.0,0,0.0,0.0,0.0,0.0,0.0,0.0,1.0,0,1.0,0.0,0.0,0.0,0.0,0.0,0.0,0.0,0.0,1.0,0.0,1.0,1.0,3.0,6.0,4.0,1.0,13.0,0.0,0.0,0.0,49.0,23.0,1.0,0.0,0.0,0.0,9.0,1.0,0,1,0,0,0.0,0.0,0,2.0,0.0,1.0,0.0,True,2022-2023,FW,None,None,None,0.7,Chelsea_Manchester_City,Chelsea_Manchester_City_2022,0.4,2.1,0.0,1.0,2023-01-05,Paul Tierney,Stamford Bridge,Thu,20:00,"39,998",192,Manchester City,Chelsea,47.142857142857146,0.0,0.0,0.0,0.0,0.0,0.0,0.0,0.0,18.571428571428573,1.4285714285714286,0.0,0.0,0.0,0.0,0.0,0.0,0.0,12.857142857142858,17.142857142857142,107.14285714285715,0.0,15.714285714285715,1.4285714285714286,0.0,0.0,140.0,32.85714285714286,10.0,10.0,142.85714285714286,2.857142857142857,4.285714285714286,95.28571428571429,0.0,0.0,0.0,0.0,0.0,0.0,0.0,0.0,17.142857142857142,0.0,0.0,0.0,0.0,0.0,0.0,0.0,0.0,0.0,0.0,0.0,1.4285714285714286,0.0,1.4285714285714286,0.0,0.0,0.0,0.0,0.0,0.0,0.0,0.0,1.4285714285714286,0.0,1.4285714285714286,1.4285714285714286,4.285714285714286,8.571428571428571,5.714285714285714,1.4285714285714286,18.571428571428573,0.0,0.0,0.0,70.0,32.85714285714286,1.4285714285714286,0.0,0.0,0.0,12.857142857142858,1.4285714285714286,0.0,1.4285714285714286,0.0,0.0,0.0,0.0,0.0,2.857142857142857,0.0,1.4285714285714286,0.0,1.0,0.5714285714285715,3.0000000000000004,0.0,1.4285714285714286,274.2857142857143
Omari Hutchinson,ENG,19,23.0,0,0,0,0,0,0,0,0,15.0,0.0,1,0.0,0.0,0.0,0.0,1.0,0.0,8.0,12.0,66.7,0.0,11.0,1.0,0.0,0.0,109.0,4.0,6.0,7.0,85.7,1.0,1.0,100.0,1.0,2.0,50.0,0.0,0.0,0.0,0.0,0.0,12.0,0.0,0.0,0.0,0.0,2,0.0,0.0,0.0,0.0,0.0,0.0,1.0,0,0.0,0.0,0.0,0.0,0.0,0.0,0.0,0.0,0.0,1.0,0.0,0.0,0.0,0.0,4.0,11.0,2.0,15.0,0.0,0.0,0.0,61.0,23.0,0.0,1.0,1.0,1.0,11.0,1.0,0,0,0,0,0.0,0.0,0,1.0,0.0,0.0,0.0,True,2022-2023,RW,None,None,None,0.25555555555555554,Chelsea_Manchester_City,Chelsea_Manchester_City_2022,0.4,2.1,0.0,1.0,2023-01-05,Paul Tierney,Stamford Bridge,Thu,20:00,"39,998",192,Manchester City,Chelsea,74.34782608695653,0.0,0.0,0.0,0.0,0.0,0.0,0.0,0.0,58.69565217391305,0.0,3.91304347826087,0.0,0.0,0.0,0.0,3.91304347826087,0.0,31.30434782608696,46.95652173913044,261.00000000000006,0.0,43.04347826086957,3.91304347826087,0.0,0.0,426.5217391304348,15.65217391304348,23.47826086956522,27.39130434782609,335.34782608695656,3.91304347826087,3.91304347826087,391.304347826087,3.91304347826087,7.82608695652174,195.6521739130435,0.0,0.0,0.0,0.0,0.0,46.95652173913044,0.0,0.0,0.0,0.0,7.82608695652174,0.0,0.0,0.0,0.0,0.0,0.0,3.91304347826087,0.0,0.0,0.0,0.0,0.0,0.0,0.0,0.0,0.0,0.0,3.91304347826087,0.0,0.0,0.0,0.0,15.65217391304348,43.04347826086957,7.82608695652174,58.69565217391305,0.0,0.0,0.0,238.69565217391306,90.0,0.0,3.91304347826087,3.91304347826087,3.91304347826087,43.04347826086957,3.91304347826087,0.0,0.0,0.0,0.0,0.0,0.0,0.0,3.91304347826087,0.0,0.0,0.0,1.0,1.5652173913043481,8.217391304347828,0.0,3.91304347826087,751.304347826087
Mateo Kovacic,CRO,28,90.0,0,0,0,0,1,0,1,0,78.0,3.0,1,0.0,0.0,0.0,0.0,2.0,0.0,61.0,70.0,87.1,4.0,54.0,0.0,2.0,1.0,933.0,248.0,34.0,36.0,94.4,23.0,24.0,95.8,3.0,5.0,60.0,0.1,0.0,3.0,1.0,0.0,69.0,1.0,0.0,0.0,0.0,0,1.0,0.0,0.0,0.0,0.0,0.0,3.0,3,1.0,2.0,0.0,2.0,2.0,100.0,0.0,0.0,0.0,4.0,1.0,0.0,2.0,26.0,36.0,17.0,0.0,78.0,50.0,0.0,0.0,275.0,81.0,1.0,0.0,1.0,1.0,59.0,1.0,0,1,1,0,0.0,0.0,0,5.0,0.0,2.0,0.0,True,2022-2023,DM,None,None,None,1.0,Chelsea_Manchester_City,Chelsea_Manchester_City_2022,0.4,2.1,0.0,1.0,2023-01-05,Paul Tierney,Stamford Bridge,Thu,20:00,"39,998",192,Manchester City,Chelsea,28.0,0.0,0.0,0.0,0.0,1.0,0.0,1.0,0.0,78.0,3.0,1.0,0.0,0.0,0.0,0.0,2.0,0.0,61.0,70.0,87.1,4.0,54.0,0.0,2.0,1.0,933.0,248.0,34.0,36.0,94.4,23.0,24.0,95.8,3.0,5.0,60.0,0.1,0.0,3.0,1.0,0.0,69.0,1.0,0.0,0.0,0.0,0.0,1.0,0.0,0.0,0.0,0.0,0.0,3.0,3.0,1.0,2.0,0.0,2.0,2.0,100.0,0.0,0.0,0.0,4.0,1.0,0.0,2.0,26.0,36.0,17.0,0.0,78.0,50.0,0.0,0.0,275.0,81.0,1.0,0.0,1.0,1.0,59.0,1.0,0.0,1.0,1.0,0.0,0.0,0.0,0.0,5.0,0.0,2.0,0.0,1.0,0.4,2.1,0.0,1.0,192.0
Denis Zakaria,SUI,26,90.0,0,0,0,0,0,0,0,0,59.0,1.0,1,0.0,0.0,0.0,0.0,1.0,0.0,50.0,54.0,92.6,1.0,49.0,2.0,3.0,3.0,754.0,184.0,32.0,34.0,94.1,14.0,15.0,93.3,4.0,4.0,100.0,0.0,0.0,2.0,0.0,0.0,54.0,0.0,0.0,0.0,1.0,0,0.0,0.0,0.0,0.0,0.0,0.0,1.0,1,0.0,1.0,0.0,0.0,2.0,0.0,2.0,0.0,0.0,2.0,1.0,0.0,1.0,11.0,34.0,16.0,0.0,59.0,100.0,0.0,0.0,200.0,105.0,2.0,0.0,1.0,2.0,48.0,1.0,0,0,0,0,0.0,0.0,0,6.0,0.0,0.0,0.0,True,2022-2023,DM,None,None,None,1.0,Chelsea_Manchester_City,Chelsea_Manchester_City_2022,0.4,2.1,0.0,1.0,2023-01-05,Paul Tierney,Stamford Bridge,Thu,20:00,"39,998",192,Manchester City,Chelsea,26.0,0.0,0.0,0.0,0.0,0.0,0.0,0.0,0.0,59.0,1.0,1.0,0.0,0.0,0.0,0.0,1.0,0.0,50.0,54.0,92.6,1.0,49.0,2.0,3.0,3.0,754.0,184.0,32.0,34.0,94.1,14.0,15.0,93.3,4.0,4.0,100.0,0.0,0.0,2.0,0.0,0.0,54.0,0.0,0.0,0.0,1.0,0.0,0.0,0.0,0.0,0.0,0.0,0.0,1.0,1.0,0.0,1.0,0.0,0.0,2.0,0.0,2.0,0.0,0.0,2.0,1.0,0.0,1.0,11.0,34.0,16.0,0.0,59.0,100.0,0.0,0.0,200.0,105.0,2.0,0.0,1.0,2.0,48.0,1.0,0.0,0.0,0.0,0.0,0.0,0.0,0.0,6.0,0.0,0.0,0.0,1.0,0.4,2.1,0.0,1.0,192.0
Marc Cucurella,ESP,24,67.0,0,0,0,0,0,0,0,0,59.0,4.0,2,1.0,0.0,0.0,0.0,1.0,0.0,41.0,52.0,78.8,0.0,36.0,0.0,0.0,0.0,463.0,145.0,29.0,32.0,90.6,8.0,8.0,100.0,0.0,4.0,0.0,0.0,0.0,1.0,0.0,0.0,48.0,4.0,1.0,0.0,0.0,1,3.0,0.0,0.0,0.0,0.0,0.0,2.0,1,3.0,1.0,0.0,3.0,8.0,37.5,5.0,1.0,0.0,6.0,1.0,0.0,3.0,41.0,13.0,6.0,0.0,59.0,0.0,0.0,0.0,95.0,33.0,1.0,0.0,1.0,0.0,38.0,0.0,0,0,1,0,0.0,0.0,0,7.0,0.0,0.0,0.0,True,2022-2023,LB,None,None,None,0.7444444444444445,Chelsea_Manchester_City,Chelsea_Manchester_City_2022,0.4,2.1,0.0,1.0,2023-01-05,Paul Tierney,Stamford Bridge,Thu,20:00,"39,998",192,Manchester City,Chelsea,32.23880597014925,0.0,0.0,0.0,0.0,0.0,0.0,0.0,0.0,79.25373134328358,5.3731343283582085,2.6865671641791042,1.3432835820895521,0.0,0.0,0.0,1.3432835820895521,0.0,55.07462686567164,69.85074626865672,105.8507462686567,0.0,48.35820895522388,0.0,0.0,0.0,621.9402985074627,194.77611940298507,38.95522388059701,42.98507462686567,121.70149253731343,10.746268656716417,10.746268656716417,134.32835820895522,0.0,5.3731343283582085,0.0,0.0,0.0,1.3432835820895521,0.0,0.0,64.4776119402985,5.3731343283582085,1.3432835820895521,0.0,0.0,1.3432835820895521,4.029850746268656,0.0,0.0,0.0,0.0,0.0,2.6865671641791042,1.3432835820895521,4.029850746268656,1.3432835820895521,0.0,4.029850746268656,10.746268656716417,50.373134328358205,6.716417910447761,1.3432835820895521,0.0,8.059701492537313,1.3432835820895521,0.0,4.029850746268656,55.07462686567164,17.46268656716418,8.059701492537313,0.0,79.25373134328358,0.0,0.0,0.0,127.61194029850746,44.32835820895522,1.3432835820895521,0.0,1.3432835820895521,0.0,51.04477611940298,0.0,0.0,0.0,1.3432835820895521,0.0,0.0,0.0,0.0,9.402985074626866,0.0,0.0,0.0,1.0,0.5373134328358209,2.8208955223880596,0.0,1.3432835820895521,257.910447761194
Lewis Hall,ENG,18,23.0,0,0,0,0,1,0,0,0,34.0,2.0,1,0.0,0.0,0.0,0.1,2.0,0.0,25.0,28.0,89.3,0.0,23.0,2.0,1.0,0.0,385.0,47.0,17.0,18.0,94.4,7.0,7.0,100.0,1.0,1.0,100.0,0.1,1.0,1.0,1.0,1.0,23.0,5.0,0.0,0.0,0.0,2,5.0,0.0,0.0,0.0,0.0,0.0,0.0,0,2.0,0.0,0.0,0.0,0.0,0.0,0.0,0.0,0.0,3.0,1.0,0.0,0.0,12.0,9.0,14.0,2.0,34.0,0.0,1.0,100.0,145.0,69.0,1.0,0.0,2.0,0.0,23.0,4.0,0,0,0,0,0.0,0.0,0,2.0,2.0,1.0,66.7,True,2022-2023,LB,None,None,None,0.25555555555555554,Chelsea_Manchester_City,Chelsea_Manchester_City_2022,0.4,2.1,0.0,1.0,2023-01-05,Paul Tierney,Stamford Bridge,Thu,20:00,"39,998",192,Manchester City,Chelsea,70.43478260869566,0.0,0.0,0.0,0.0,3.91304347826087,0.0,0.0,0.0,133.04347826086956,7.82608695652174,3.91304347826087,0.0,0.0,0.0,0.39130434782608703,7.82608695652174,0.0,97.82608695652175,109.56521739130436,349.4347826086957,0.0,90.0,7.82608695652174,3.91304347826087,0.0,1506.521739130435,183.91304347826087,66.52173913043478,70.43478260869566,369.3913043478261,27.39130434782609,27.39130434782609,391.304347826087,3.91304347826087,3.91304347826087,391.304347826087,0.39130434782608703,3.91304347826087,3.91304347826087,3.91304347826087,3.91304347826087,90.0,19.565217391304348,0.0,0.0,0.0,7.82608695652174,19.565217391304348,0.0,0.0,0.0,0.0,0.0,0.0,0.0,7.82608695652174,0.0,0.0,0.0,0.0,0.0,0.0,0.0,0.0,11.73913043478261,3.91304347826087,0.0,0.0,46.95652173913044,35.21739130434783,54.78260869565218,7.82608695652174,133.04347826086956,0.0,3.91304347826087,391.304347826087,567.3913043478261,270.0,3.91304347826087,0.0,7.82608695652174,0.0,90.0,15.65217391304348,0.0,0.0,0.0,0.0,0.0,0.0,0.0,7.82608695652174,7.82608695652174,3.91304347826087,261.00000000000006,1.0,1.5652173913043481,8.217391304347828,0.0,3.91304347826087,751.304347826087
Kalidou Koulibaly,SEN,31,90.0,0,0,0,0,0,0,1,0,100.0,1.0,2,1.0,0.0,0.0,0.0,0.0,0.0,77.0,89.0,86.5,2.0,73.0,0.0,0.0,0.0,1339.0,406.0,30.0,31.0,96.8,42.0,45.0,93.3,5.0,11.0,45.5,0.0,0.0,2.0,0.0,0.0,86.0,3.0,3.0,0.0,1.0,0,0.0,0.0,0.0,0.0,0.0,0.0,1.0,0,1.0,0.0,0.0,1.0,1.0,100.0,0.0,1.0,0.0,3.0,3.0,0.0,17.0,68.0,31.0,1.0,1.0,100.0,0.0,0.0,0.0,289.0,101.0,0.0,0.0,2.0,0.0,78.0,0.0,0,3,0,0,0.0,0.0,0,4.0,2.0,1.0,66.7,True,2022-2023,CB,None,None,None,1.0,Chelsea_Manchester_City,Chelsea_Manchester_City_2022,0.4,2.1,0.0,1.0,2023-01-05,Paul Tierney,Stamford Bridge,Thu,20:00,"39,998",192,Manchester City,Chelsea,31.0,0.0,0.0,0.0,0.0,0.0,0.0,1.0,0.0,100.0,1.0,2.0,1.0,0.0,0.0,0.0,0.0,0.0,77.0,89.0,86.5,2.0,73.0,0.0,0.0,0.0,1339.0,406.0,30.0,31.0,96.8,42.0,45.0,93.3,5.0,11.0,45.5,0.0,0.0,2.0,0.0,0.0,86.0,3.0,3.0,0.0,1.0,0.0,0.0,0.0,0.0,0.0,0.0,0.0,1.0,0.0,1.0,0.0,0.0,1.0,1.0,100.0,0.0,1.0,0.0,3.0,3.0,0.0,17.0,68.0,31.0,1.0,1.0,100.0,0.0,0.0,0.0,289.0,101.0,0.0,0.0,2.0,0.0,78.0,0.0,0.0,3.0,0.0,0.0,0.0,0.0,0.0,4.0,2.0,1.0,66.7,1.0,0.4,2.1,0.0,1.0,192.0
Thiago Silva,BRA,38,90.0,0,0,0,0,1,0,0,0,72.0,2.0,1,0.0,0.1,0.1,0.0,0.0,0.0,56.0,62.0,90.3,1.0,52.0,0.0,0.0,0.0,1070.0,379.0,16.0,19.0,84.2,35.0,37.0,94.6,4.0,5.0,80.0,0.0,0.0,2.0,0.0,0.0,62.0,0.0,0.0,0.0,0.0,0,0.0,0.0,0.0,0.0,0.0,0.0,0.0,2,2.0,0.0,0.0,0.0,0.0,0.0,0.0,0.0,0.0,3.0,5.0,0.0,16.0,49.0,20.0,3.0,1.0,72.0,0.0,0.0,0.0,177.0,66.0,1.0,0.0,0.0,0.0,51.0,0.0,0,0,0,0,0.0,0.0,0,5.0,0.0,0.0,0.0,True,2022-2023,CB,None,None,None,1.0,Chelsea_Manchester_City,Chelsea_Manchester_City_2022,0.4,2.1,0.0,1.0,2023-01-05,Paul Tierney,Stamford Bridge,Thu,20:00,"39,998",192,Manchester City,Chelsea,38.0,0.0,0.0,0.0,0.0,1.0,0.0,0.0,0.0,72.0,2.0,1.0,0.0,0.1,0.1,0.0,0.0,0.0,56.0,62.0,90.3,1.0,52.0,0.0,0.0,0.0,1070.0,379.0,16.0,19.0,84.2,35.0,37.0,94.6,4.0,5.0,80.0,0.0,0.0,2.0,0.0,0.0,62.0,0.0,0.0,0.0,0.0,0.0,0.0,0.0,0.0,0.0,0.0,0.0,0.0,2.0,2.0,0.0,0.0,0.0,0.0,0.0,0.0,0.0,0.0,3.0,5.0,0.0,16.0,49.0,20.0,3.0,1.0,72.0,0.0,0.0,0.0,177.0,66.0,1.0,0.0,0.0,0.0,51.0,0.0,0.0,0.0,0.0,0.0,0.0,0.0,0.0,5.0,0.0,0.0,0.0,1.0,0.4,2.1,0.0,1.0,192.0
Cesar Azpilicueta,ESP,33,90.0,0,0,0,0,0,0,0,0,61.0,3.0,0,1.0,0.0,0.0,0.0,0.0,0.0,45.0,54.0,83.3,3.0,39.0,3.0,1.0,1.0,625.0,190.0,27.0,28.0,96.4,17.0,21.0,81.0,1.0,3.0,33.3,0.0,0.0,1.0,0.0,0.0,45.0,9.0,2.0,0.0,0.0,2,7.0,0.0,0.0,0.0,0.0,0.0,1.0,1,2.0,1.0,0.0,0.0,0.0,0.0,0.0,1.0,0.0,3.0,2.0,0.0,2.0,23.0,24.0,14.0,0.0,61.0,100.0,0.0,0.0,135.0,83.0,1.0,0.0,1.0,1.0,41.0,3.0,0,3,0,1,0.0,0.0,0,3.0,2.0,1.0,66.7,True,2022-2023,RB,None,None,None,1.0,Chelsea_Manchester_City,Chelsea_Manchester_City_2022,0.4,2.1,0.0,1.0,2023-01-05,Paul Tierney,Stamford Bridge,Thu,20:00,"39,998",192,Manchester City,Chelsea,33.0,0.0,0.0,0.0,0.0,0.0,0.0,0.0,0.0,61.0,3.0,0.0,1.0,0.0,0.0,0.0,0.0,0.0,45.0,54.0,83.3,3.0,39.0,3.0,1.0,1.0,625.0,190.0,27.0,28.0,96.4,17.0,21.0,81.0,1.0,3.0,33.3,0.0,0.0,1.0,0.0,0.0,45.0,9.0,2.0,0.0,0.0,2.0,7.0,0.0,0.0,0.0,0.0,0.0,1.0,1.0,2.0,1.0,0.0,0.0,0.0,0.0,0.0,1.0,0.0,3.0,2.0,0.0,2.0,23.0,24.0,14.0,0.0,61.0,100.0,0.0,0.0,135.0,83.0,1.0,0.0,1.0,1.0,41.0,3.0,0.0,3.0,0.0,1.0,0.0,0.0,0.0,3.0,2.0,1.0,66.7,1.0,0.4,2.1,0.0,1.0,192.0
Kepa Arrizabalaga,ESP,28,90.0,0,0,0,0,0,0,0,0,42.0,0.0,0,0.0,0.0,0.0,0.0,0.0,0.0,31.0,40.0,77.5,0.0,30.0,0.0,0.0,0.0,740.0,453.0,11.0,12.0,91.7,13.0,13.0,100.0,7.0,15.0,46.7,0.0,0.0,1.0,0.0,0.0,31.0,9.0,2.0,0.0,0.0,0,0.0,0.0,0.0,0.0,0.0,0.0,0.0,0,0.0,0.0,0.0,0.0,0.0,0.0,0.0,0.0,0.0,0.0,0.0,0.0,37.0,42.0,0.0,0.0,0.0,42.0,0.0,0.0,0.0,170.0,85.0,0.0,0.0,0.0,0.0,20.0,0.0,0,0,0,0,0.0,0.0,0,5.0,0.0,0.0,0.0,True,2022-2023,GK,None,None,None,1.0,Chelsea_Manchester_City,Chelsea_Manchester_City_2022,0.4,2.1,0.0,1.0,2023-01-05,Paul Tierney,Stamford Bridge,Thu,20:00,"39,998",192,Manchester City,Chelsea,28.0,0.0,0.0,0.0,0.0,0.0,0.0,0.0,0.0,42.0,0.0,0.0,0.0,0.0,0.0,0.0,0.0,0.0,31.0,40.0,77.5,0.0,30.0,0.0,0.0,0.0,740.0,453.0,11.0,12.0,91.7,13.0,13.0,100.0,7.0,15.0,46.7,0.0,0.0,1.0,0.0,0.0,31.0,9.0,2.0,0.0,0.0,0.0,0.0,0.0,0.0,0.0,0.0,0.0,0.0,0.0,0.0,0.0,0.0,0.0,0.0,0.0,0.0,0.0,0.0,0.0,0.0,0.0,37.0,42.0,0.0,0.0,0.0,42.0,0.0,0.0,0.0,170.0,85.0,0.0,0.0,0.0,0.0,20.0,0.0,0.0,0.0,0.0,0.0,0.0,0.0,0.0,5.0,0.0,0.0,0.0,1.0,0.4,2.1,0.0,1.0,192.0
Erling Haaland,NOR,22,90.0,0,0,0,0,3,0,0,0,26.0,0.0,1,1.0,0.9,0.9,0.0,2.0,0.0,12.0,17.0,70.6,0.0,14.0,0.0,1.0,1.0,123.0,10.0,9.0,11.0,81.8,2.0,3.0,66.7,0.0,0.0,0.0,0.0,1.0,0.0,0.0,0.0,16.0,1.0,0.0,0.0,0.0,0,0.0,0.0,0.0,0.0,0.0,0.0,0.0,0,0.0,0.0,0.0,0.0,0.0,0.0,0.0,0.0,1.0,1.0,2.0,0.0,2.0,6.0,5.0,15.0,2.0,26.0,100.0,0.0,0.0,25.0,8.0,2.0,0.0,3.0,2.0,18.0,3.0,0,0,0,0,0.0,0.0,0,3.0,2.0,2.0,50.0,False,2022-2023,FW,None,None,None,1.0,Chelsea_Manchester_City,Chelsea_Manchester_City_2022,0.4,2.1,0.0,1.0,2023-01-05,Paul Tierney,Stamford Bridge,Thu,20:00,"39,998",192,Manchester City,Chelsea,22.0,0.0,0.0,0.0,0.0,3.0,0.0,0.0,0.0,26.0,0.0,1.0,1.0,0.9,0.9,0.0,2.0,0.0,12.0,17.0,70.6,0.0,14.0,0.0,1.0,1.0,123.0,10.0,9.0,11.0,81.8,2.0,3.0,66.7,0.0,0.0,0.0,0.0,1.0,0.0,0.0,0.0,16.0,1.0,0.0,0.0,0.0,0.0,0.0,0.0,0.0,0.0,0.0,0.0,0.0,0.0,0.0,0.0,0.0,0.0,0.0,0.0,0.0,0.0,1.0,1.0,2.0,0.0,2.0,6.0,5.0,15.0,2.0,26.0,100.0,0.0,0.0,25.0,8.0,2.0,0.0,3.0,2.0,18.0,3.0,0.0,0.0,0.0,0.0,0.0,0.0,0.0,3.0,2.0,2.0,50.0,1.0,0.4,2.1,0.0,1.0,192.0
Phil Foden,ENG,22,59.0,0,0,0,0,0,0,0,0,23.0,1.0,0,0.0,0.0,0.0,0.0,2.0,0.0,17.0,19.0,89.5,1.0,20.0,0.0,1.0,0.0,258.0,21.0,8.0,8.0,100.0,8.0,9.0,88.9,0.0,1.0,0.0,0.0,1.0,0.0,1.0,0.0,19.0,0.0,0.0,0.0,0.0,1,0.0,0.0,0.0,0.0,0.0,0.0,0.0,1,1.0,0.0,0.0,0.0,0.0,0.0,0.0,0.0,0.0,1.0,0.0,0.0,0.0,2.0,6.0,16.0,1.0,23.0,0.0,0.0,0.0,42.0,10.0,1.0,0.0,1.0,5.0,24.0,7.0,0,0,3,1,0.0,0.0,0,4.0,0.0,0.0,0.0,False,2022-2023,LW,None,None,None,0.6555555555555556,Chelsea_Manchester_City,Chelsea_Manchester_City_2022,0.4,2.1,0.0,1.0,2023-01-05,Paul Tierney,Stamford Bridge,Thu,20:00,"39,998",192,Manchester City,Chelsea,33.559322033898304,0.0,0.0,0.0,0.0,0.0,0.0,0.0,0.0,35.08474576271186,1.5254237288135593,0.0,0.0,0.0,0.0,0.0,3.0508474576271185,0.0,25.93220338983051,28.983050847457626,136.52542372881356,1.5254237288135593,30.508474576271187,0.0,1.5254237288135593,0.0,393.5593220338983,32.03389830508475,12.203389830508474,12.203389830508474,152.54237288135593,12.203389830508474,13.728813559322035,135.61016949152543,0.0,1.5254237288135593,0.0,0.0,1.5254237288135593,0.0,1.5254237288135593,0.0,28.983050847457626,0.0,0.0,0.0,0.0,1.5254237288135593,0.0,0.0,0.0,0.0,0.0,0.0,0.0,1.5254237288135593,1.5254237288135593,0.0,0.0,0.0,0.0,0.0,0.0,0.0,0.0,1.5254237288135593,0.0,0.0,0.0,3.0508474576271185,9.152542372881356,24.406779661016948,1.5254237288135593,35.08474576271186,0.0,0.0,0.0,64.0677966101695,15.254237288135593,1.5254237288135593,0.0,1.5254237288135593,7.627118644067797,36.610169491525426,10.677966101694915,0.0,0.0,4.576271186440678,1.5254237288135593,0.0,0.0,0.0,6.101694915254237,0.0,0.0,0.0,1.0,0.6101694915254238,3.2033898305084745,0.0,1.5254237288135593,292.8813559322034
Jack Grealish,ENG,27,31.0,0,1,0,0,0,0,0,0,16.0,1.0,0,3.0,0.0,0.0,0.7,1.0,1.0,9.0,9.0,100.0,1.0,9.0,1.0,2.0,1.0,130.0,48.0,5.0,5.0,100.0,3.0,3.0,100.0,0.0,0.0,0.0,0.6,1.0,1.0,0.0,0.0,9.0,0.0,0.0,0.0,0.0,0,0.0,0.0,0.0,0.0,0.0,0.0,0.0,1,0.0,1.0,0.0,0.0,2.0,0.0,2.0,0.0,3.0,1.0,1.0,0.0,1.0,2.0,8.0,6.0,2.0,16.0,50.0,0.0,0.0,61.0,33.0,0.0,1.0,0.0,1.0,10.0,3.0,0,0,1,0,0.0,0.0,0,1.0,0.0,0.0,0.0,False,2022-2023,LW,None,None,None,0.34444444444444444,Chelsea_Manchester_City,Chelsea_Manchester_City_2022,0.4,2.1,0.0,1.0,2023-01-05,Paul Tierney,Stamford Bridge,Thu,20:00,"39,998",192,Manchester City,Chelsea,78.38709677419355,0.0,2.903225806451613,0.0,0.0,0.0,0.0,0.0,0.0,46.45161290322581,2.903225806451613,0.0,8.709677419354838,0.0,0.0,2.032258064516129,2.903225806451613,2.903225806451613,26.129032258064516,26.129032258064516,290.3225806451613,2.903225806451613,26.129032258064516,2.903225806451613,5.806451612903226,2.903225806451613,377.4193548387097,139.3548387096774,14.516129032258064,14.516129032258064,290.3225806451613,8.709677419354838,8.709677419354838,290.3225806451613,0.0,0.0,0.0,1.7419354838709677,2.903225806451613,2.903225806451613,0.0,0.0,26.129032258064516,0.0,0.0,0.0,0.0,0.0,0.0,0.0,0.0,0.0,0.0,0.0,0.0,2.903225806451613,0.0,2.903225806451613,0.0,0.0,5.806451612903226,0.0,5.806451612903226,0.0,8.709677419354838,2.903225806451613,2.903225806451613,0.0,2.903225806451613,5.806451612903226,23.225806451612904,17.419354838709676,5.806451612903226,46.45161290322581,145.16129032258064,0.0,0.0,177.09677419354838,95.80645161290323,0.0,2.903225806451613,0.0,2.903225806451613,29.032258064516128,8.709677419354838,0.0,0.0,2.903225806451613,0.0,0.0,0.0,0.0,2.903225806451613,0.0,0.0,0.0,1.0,1.1612903225806452,6.096774193548387,0.0,2.903225806451613,557.4193548387096
Joao Cancelo,POR,28,45.0,0,0,0,0,1,0,0,0,47.0,1.0,0,1.0,0.0,0.0,0.0,1.0,0.0,28.0,39.0,71.8,2.0,29.0,0.0,6.0,2.0,419.0,63.0,15.0,17.0,88.2,12.0,18.0,66.7,1.0,4.0,25.0,0.0,0.0,1.0,2.0,0.0,38.0,1.0,0.0,0.0,0.0,4,1.0,0.0,0.0,0.0,0.0,0.0,0.0,1,0.0,1.0,0.0,0.0,0.0,0.0,0.0,0.0,1.0,1.0,0.0,0.0,1.0,4.0,15.0,28.0,2.0,47.0,33.3,4.0,66.7,110.0,44.0,1.0,0.0,1.0,1.0,38.0,11.0,0,2,2,0,0.0,0.0,0,2.0,1.0,0.0,100.0,False,2022-2023,RW,None,None,None,0.5,Chelsea_Manchester_City,Chelsea_Manchester_City_2022,0.4,2.1,0.0,1.0,2023-01-05,Paul Tierney,Stamford Bridge,Thu,20:00,"39,998",192,Manchester City,Chelsea,56.0,0.0,0.0,0.0,0.0,2.0,0.0,0.0,0.0,94.0,2.0,0.0,2.0,0.0,0.0,0.0,2.0,0.0,56.0,78.0,143.6,4.0,58.0,0.0,12.0,4.0,838.0,126.0,30.0,34.0,176.4,24.0,36.0,133.4,2.0,8.0,50.0,0.0,0.0,2.0,4.0,0.0,76.0,2.0,0.0,0.0,0.0,8.0,2.0,0.0,0.0,0.0,0.0,0.0,0.0,2.0,0.0,2.0,0.0,0.0,0.0,0.0,0.0,0.0,2.0,2.0,0.0,0.0,2.0,8.0,30.0,56.0,4.0,94.0,66.6,8.0,133.4,220.0,88.0,2.0,0.0,2.0,2.0,76.0,22.0,0.0,4.0,4.0,0.0,0.0,0.0,0.0,4.0,2.0,0.0,200.0,1.0,0.8,4.2,0.0,2.0,384.0
Rico Lewis,ENG,18,45.0,0,0,0,0,0,0,0,0,37.0,2.0,0,0.0,0.0,0.0,0.0,0.0,0.0,31.0,32.0,96.9,2.0,19.0,1.0,0.0,0.0,434.0,97.0,19.0,19.0,100.0,11.0,12.0,91.7,0.0,0.0,0.0,0.0,0.0,1.0,0.0,0.0,27.0,5.0,0.0,0.0,0.0,0,5.0,0.0,0.0,0.0,0.0,0.0,0.0,2,1.0,0.0,1.0,1.0,1.0,100.0,0.0,0.0,0.0,2.0,0.0,0.0,0.0,3.0,18.0,16.0,0.0,37.0,0.0,0.0,0.0,96.0,59.0,2.0,0.0,0.0,3.0,23.0,2.0,0,0,0,0,0.0,0.0,0,2.0,0.0,0.0,0.0,False,2022-2023,DM,None,None,None,0.5,Chelsea_Manchester_City,Chelsea_Manchester_City_2022,0.4,2.1,0.0,1.0,2023-01-05,Paul Tierney,Stamford Bridge,Thu,20:00,"39,998",192,Manchester City,Chelsea,36.0,0.0,0.0,0.0,0.0,0.0,0.0,0.0,0.0,74.0,4.0,0.0,0.0,0.0,0.0,0.0,0.0,0.0,62.0,64.0,193.8,4.0,38.0,2.0,0.0,0.0,868.0,194.0,38.0,38.0,200.0,22.0,24.0,183.4,0.0,0.0,0.0,0.0,0.0,2.0,0.0,0.0,54.0,10.0,0.0,0.0,0.0,0.0,10.0,0.0,0.0,0.0,0.0,0.0,0.0,4.0,2.0,0.0,2.0,2.0,2.0,200.0,0.0,0.0,0.0,4.0,0.0,0.0,0.0,6.0,36.0,32.0,0.0,74.0,0.0,0.0,0.0,192.0,118.0,4.0,0.0,0.0,6.0,46.0,4.0,0.0,0.0,0.0,0.0,0.0,0.0,0.0,4.0,0.0,0.0,0.0,1.0,0.8,4.2,0.0,2.0,384.0
Kevin De Bruyne,BEL,31,90.0,0,0,0,0,4,2,0,0,69.0,1.0,0,0.0,0.2,0.2,0.8,5.0,1.0,45.0,55.0,81.8,9.0,38.0,1.0,2.0,1.0,817.0,239.0,22.0,25.0,88.0,17.0,20.0,85.0,6.0,9.0,66.7,0.4,3.0,3.0,5.0,1.0,50.0,4.0,1.0,1.0,1.0,5,2.0,1.0,0.0,0.0,0.0,1.0,0.0,1,0.0,0.0,1.0,0.0,2.0,0.0,2.0,0.0,0.0,1.0,1.0,0.0,1.0,6.0,23.0,41.0,4.0,69.0,50.0,1.0,50.0,130.0,88.0,2.0,0.0,4.0,1.0,57.0,9.0,0,1,0,0,0.0,0.0,0,2.0,1.0,0.0,100.0,False,2022-2023,CM,None,None,None,1.0,Chelsea_Manchester_City,Chelsea_Manchester_City_2022,0.4,2.1,0.0,1.0,2023-01-05,Paul Tierney,Stamford Bridge,Thu,20:00,"39,998",192,Manchester City,Chelsea,31.0,0.0,0.0,0.0,0.0,4.0,2.0,0.0,0.0,69.0,1.0,0.0,0.0,0.2,0.2,0.8,5.0,1.0,45.0,55.0,81.8,9.0,38.0,1.0,2.0,1.0,817.0,239.0,22.0,25.0,88.0,17.0,20.0,85.0,6.0,9.0,66.7,0.4,3.0,3.0,5.0,1.0,50.0,4.0,1.0,1.0,1.0,5.0,2.0,1.0,0.0,0.0,0.0,1.0,0.0,1.0,0.0,0.0,1.0,0.0,2.0,0.0,2.0,0.0,0.0,1.0,1.0,0.0,1.0,6.0,23.0,41.0,4.0,69.0,50.0,1.0,50.0,130.0,88.0,2.0,0.0,4.0,1.0,57.0,9.0,0.0,1.0,0.0,0.0,0.0,0.0,0.0,2.0,1.0,0.0,100.0,1.0,0.4,2.1,0.0,1.0,192.0
Ilkay Gundogan,GER,32,90.0,0,0,0,0,1,0,0,0,57.0,4.0,2,0.0,0.0,0.0,0.2,4.0,0.0,41.0,49.0,83.7,10.0,38.0,0.0,0.0,0.0,558.0,194.0,27.0,31.0,87.1,11.0,15.0,73.3,2.0,2.0,100.0,0.1,2.0,5.0,2.0,0.0,49.0,0.0,0.0,0.0,0.0,0,0.0,0.0,0.0,0.0,0.0,0.0,0.0,3,1.0,2.0,1.0,1.0,2.0,50.0,1.0,0.0,0.0,6.0,0.0,0.0,1.0,6.0,23.0,28.0,2.0,57.0,0.0,0.0,0.0,116.0,42.0,2.0,0.0,1.0,2.0,41.0,11.0,0,0,0,0,0.0,0.0,0,11.0,0.0,1.0,0.0,False,2022-2023,CM,None,None,None,1.0,Chelsea_Manchester_City,Chelsea_Manchester_City_2022,0.4,2.1,0.0,1.0,2023-01-05,Paul Tierney,Stamford Bridge,Thu,20:00,"39,998",192,Manchester City,Chelsea,32.0,0.0,0.0,0.0,0.0,1.0,0.0,0.0,0.0,57.0,4.0,2.0,0.0,0.0,0.0,0.2,4.0,0.0,41.0,49.0,83.7,10.0,38.0,0.0,0.0,0.0,558.0,194.0,27.0,31.0,87.1,11.0,15.0,73.3,2.0,2.0,100.0,0.1,2.0,5.0,2.0,0.0,49.0,0.0,0.0,0.0,0.0,0.0,0.0,0.0,0.0,0.0,0.0,0.0,0.0,3.0,1.0,2.0,1.0,1.0,2.0,50.0,1.0,0.0,0.0,6.0,0.0,0.0,1.0,6.0,23.0,28.0,2.0,57.0,0.0,0.0,0.0,116.0,42.0,2.0,0.0,1.0,2.0,41.0,11.0,0.0,0.0,0.0,0.0,0.0,0.0,0.0,11.0,0.0,1.0,0.0,1.0,0.4,2.1,0.0,1.0,192.0
Rodri,ESP,26,85.0,0,0,0,0,0,0,0,0,101.0,4.0,2,2.0,0.0,0.0,0.0,1.0,0.0,81.0,87.0,93.1,9.0,54.0,2.0,1.0,0.0,1565.0,291.0,23.0,25.0,92.0,45.0,45.0,100.0,9.0,12.0,75.0,0.0,0.0,9.0,0.0,0.0,86.0,1.0,1.0,0.0,0.0,0,0.0,0.0,0.0,0.0,0.0,0.0,0.0,1,3.0,0.0,1.0,2.0,2.0,100.0,0.0,1.0,1.0,6.0,4.0,0.0,3.0,24.0,62.0,16.0,2.0,101.0,0.0,1.0,100.0,219.0,128.0,2.0,0.0,0.0,0.0,72.0,1.0,0,4,0,0,0.0,0.0,0,8.0,2.0,1.0,66.7,False,2022-2023,DM,None,None,None,0.9444444444444444,Chelsea_Manchester_City,Chelsea_Manchester_City_2022,0.4,2.1,0.0,1.0,2023-01-05,Paul Tierney,Stamford Bridge,Thu,20:00,"39,998",192,Manchester City,Chelsea,27.529411764705884,0.0,0.0,0.0,0.0,0.0,0.0,0.0,0.0,106.94117647058823,4.235294117647059,2.1176470588235294,2.1176470588235294,0.0,0.0,0.0,1.0588235294117647,0.0,85.76470588235294,92.11764705882354,98.5764705882353,9.529411764705882,57.1764705882353,2.1176470588235294,1.0588235294117647,0.0,1657.0588235294117,308.11764705882354,24.35294117647059,26.47058823529412,97.41176470588236,47.64705882352941,47.64705882352941,105.88235294117648,9.529411764705882,12.705882352941178,79.41176470588235,0.0,0.0,9.529411764705882,0.0,0.0,91.05882352941177,1.0588235294117647,1.0588235294117647,0.0,0.0,0.0,0.0,0.0,0.0,0.0,0.0,0.0,0.0,1.0588235294117647,3.1764705882352944,0.0,1.0588235294117647,2.1176470588235294,2.1176470588235294,105.88235294117648,0.0,1.0588235294117647,1.0588235294117647,6.352941176470589,4.235294117647059,0.0,3.1764705882352944,25.411764705882355,65.64705882352942,16.941176470588236,2.1176470588235294,106.94117647058823,0.0,1.0588235294117647,105.88235294117648,231.88235294117646,135.52941176470588,2.1176470588235294,0.0,0.0,0.0,76.23529411764706,1.0588235294117647,0.0,4.235294117647059,0.0,0.0,0.0,0.0,0.0,8.470588235294118,2.1176470588235294,1.0588235294117647,70.62352941176471,1.0,0.42352941176470593,2.223529411764706,0.0,1.0588235294117647,203.29411764705884
Kalvin Phillips,ENG,27,5.0,0,0,0,0,0,0,0,0,4.0,0.0,0,1.0,0.0,0.0,0.0,0.0,0.0,0.0,1.0,0.0,0.0,0.0,0.0,0.0,0.0,0.0,0.0,0.0,1.0,0.0,0.0,0.0,0.0,0.0,0.0,0.0,0.0,0.0,0.0,0.0,0.0,1.0,0.0,0.0,0.0,0.0,0,0.0,0.0,0.0,0.0,0.0,0.0,0.0,0,0.0,0.0,0.0,0.0,0.0,0.0,0.0,0.0,1.0,0.0,1.0,0.0,0.0,2.0,2.0,0.0,0.0,4.0,0.0,0.0,0.0,0.0,0.0,0.0,0.0,0.0,0.0,0.0,0.0,0,0,0,0,0.0,0.0,0,0.0,0.0,0.0,0.0,False,2022-2023,DM,None,None,None,0.05555555555555555,Chelsea_Manchester_City,Chelsea_Manchester_City_2022,0.4,2.1,0.0,1.0,2023-01-05,Paul Tierney,Stamford Bridge,Thu,20:00,"39,998",192,Manchester City,Chelsea,486.0,0.0,0.0,0.0,0.0,0.0,0.0,0.0,0.0,72.0,0.0,0.0,18.0,0.0,0.0,0.0,0.0,0.0,0.0,18.0,0.0,0.0,0.0,0.0,0.0,0.0,0.0,0.0,0.0,18.0,0.0,0.0,0.0,0.0,0.0,0.0,0.0,0.0,0.0,0.0,0.0,0.0,18.0,0.0,0.0,0.0,0.0,0.0,0.0,0.0,0.0,0.0,0.0,0.0,0.0,0.0,0.0,0.0,0.0,0.0,0.0,0.0,0.0,0.0,18.0,0.0,18.0,0.0,0.0,36.0,36.0,0.0,0.0,72.0,0.0,0.0,0.0,0.0,0.0,0.0,0.0,0.0,0.0,0.0,0.0,0.0,0.0,0.0,0.0,0.0,0.0,0.0,0.0,0.0,0.0,0.0,1.0,7.200000000000001,37.800000000000004,0.0,18.0,3456.0
Bernardo Silva,POR,28,59.0,0,0,0,0,1,0,0,0,71.0,1.0,1,3.0,0.1,0.1,0.1,2.0,0.0,52.0,59.0,88.1,7.0,41.0,2.0,2.0,1.0,869.0,229.0,25.0,28.0,89.3,21.0,23.0,91.3,5.0,6.0,83.3,0.1,1.0,8.0,0.0,0.0,57.0,2.0,0.0,0.0,0.0,2,1.0,1.0,0.0,0.0,0.0,0.0,0.0,1,0.0,1.0,0.0,0.0,0.0,0.0,0.0,1.0,2.0,2.0,0.0,0.0,1.0,11.0,37.0,23.0,4.0,71.0,50.0,1.0,50.0,217.0,125.0,2.0,2.0,0.0,2.0,49.0,7.0,0,0,0,0,0.0,0.0,0,3.0,1.0,1.0,50.0,False,2022-2023,DM,RW,None,None,0.6555555555555556,Chelsea_Manchester_City,Chelsea_Manchester_City_2022,0.4,2.1,0.0,1.0,2023-01-05,Paul Tierney,Stamford Bridge,Thu,20:00,"39,998",192,Manchester City,Chelsea,42.71186440677966,0.0,0.0,0.0,0.0,1.5254237288135593,0.0,0.0,0.0,108.30508474576271,1.5254237288135593,1.5254237288135593,4.576271186440678,0.15254237288135594,0.15254237288135594,0.15254237288135594,3.0508474576271185,0.0,79.32203389830508,90.0,134.38983050847457,10.677966101694915,62.54237288135593,3.0508474576271185,3.0508474576271185,1.5254237288135593,1325.593220338983,349.3220338983051,38.13559322033898,42.71186440677966,136.22033898305085,32.03389830508475,35.08474576271186,139.27118644067795,7.627118644067797,9.152542372881356,127.06779661016948,0.15254237288135594,1.5254237288135593,12.203389830508474,0.0,0.0,86.94915254237289,3.0508474576271185,0.0,0.0,0.0,3.0508474576271185,1.5254237288135593,1.5254237288135593,0.0,0.0,0.0,0.0,0.0,1.5254237288135593,0.0,1.5254237288135593,0.0,0.0,0.0,0.0,0.0,1.5254237288135593,3.0508474576271185,3.0508474576271185,0.0,0.0,1.5254237288135593,16.779661016949152,56.440677966101696,35.08474576271186,6.101694915254237,108.30508474576271,76.27118644067797,1.5254237288135593,76.27118644067797,331.0169491525424,190.67796610169492,3.0508474576271185,3.0508474576271185,0.0,3.0508474576271185,74.7457627118644,10.677966101694915,0.0,0.0,0.0,0.0,0.0,0.0,0.0,4.576271186440678,1.5254237288135593,1.5254237288135593,76.27118644067797,1.0,0.6101694915254238,3.2033898305084745,0.0,1.5254237288135593,292.8813559322034
Riyad Mahrez,ALG,31,31.0,1,0,0,0,1,1,0,0,23.0,1.0,0,0.0,0.7,0.7,0.0,1.0,0.0,15.0,16.0,93.8,2.0,16.0,1.0,3.0,1.0,280.0,53.0,4.0,4.0,100.0,9.0,10.0,90.0,2.0,2.0,100.0,0.0,0.0,1.0,1.0,0.0,16.0,0.0,0.0,0.0,0.0,1,0.0,0.0,0.0,0.0,0.0,0.0,0.0,0,0.0,0.0,1.0,1.0,1.0,100.0,0.0,0.0,0.0,1.0,0.0,0.0,0.0,4.0,6.0,13.0,3.0,23.0,33.3,1.0,33.3,123.0,49.0,3.0,1.0,0.0,2.0,20.0,5.0,0,0,1,0,0.0,0.0,0,2.0,0.0,1.0,0.0,False,2022-2023,RW,None,None,None,0.34444444444444444,Chelsea_Manchester_City,Chelsea_Manchester_City_2022,0.4,2.1,0.0,1.0,2023-01-05,Paul Tierney,Stamford Bridge,Thu,20:00,"39,998",192,Manchester City,Chelsea,90.0,2.903225806451613,0.0,0.0,0.0,2.903225806451613,2.903225806451613,0.0,0.0,66.7741935483871,2.903225806451613,0.0,0.0,2.032258064516129,2.032258064516129,0.0,2.903225806451613,0.0,43.54838709677419,46.45161290322581,272.3225806451613,5.806451612903226,46.45161290322581,2.903225806451613,8.709677419354838,2.903225806451613,812.9032258064516,153.8709677419355,11.612903225806452,11.612903225806452,290.3225806451613,26.129032258064516,29.032258064516128,261.2903225806452,5.806451612903226,5.806451612903226,290.3225806451613,0.0,0.0,2.903225806451613,2.903225806451613,0.0,46.45161290322581,0.0,0.0,0.0,0.0,2.903225806451613,0.0,0.0,0.0,0.0,0.0,0.0,0.0,0.0,0.0,0.0,2.903225806451613,2.903225806451613,2.903225806451613,290.3225806451613,0.0,0.0,0.0,2.903225806451613,0.0,0.0,0.0,11.612903225806452,17.419354838709676,37.74193548387097,8.709677419354838,66.7741935483871,96.6774193548387,2.903225806451613,96.6774193548387,357.0967741935484,142.25806451612902,8.709677419354838,2.903225806451613,0.0,5.806451612903226,58.064516129032256,14.516129032258064,0.0,0.0,2.903225806451613,0.0,0.0,0.0,0.0,5.806451612903226,0.0,2.903225806451613,0.0,1.0,1.1612903225806452,6.096774193548387,0.0,2.903225806451613,557.4193548387096
Nathan Ake,NED,27,90.0,0,0,0,0,1,0,0,0,70.0,0.0,2,0.0,0.1,0.1,0.0,1.0,0.0,54.0,63.0,85.7,4.0,42.0,0.0,0.0,0.0,751.0,182.0,31.0,36.0,86.1,20.0,23.0,87.0,0.0,0.0,0.0,0.0,0.0,6.0,0.0,0.0,56.0,7.0,2.0,0.0,0.0,1,5.0,0.0,0.0,0.0,0.0,0.0,1.0,0,0.0,0.0,0.0,0.0,0.0,0.0,0.0,0.0,0.0,2.0,1.0,0.0,1.0,20.0,38.0,13.0,1.0,70.0,0.0,0.0,0.0,163.0,103.0,0.0,0.0,3.0,0.0,45.0,1.0,0,1,1,0,0.0,0.0,0,8.0,1.0,1.0,50.0,False,2022-2023,LB,None,None,None,1.0,Chelsea_Manchester_City,Chelsea_Manchester_City_2022,0.4,2.1,0.0,1.0,2023-01-05,Paul Tierney,Stamford Bridge,Thu,20:00,"39,998",192,Manchester City,Chelsea,27.0,0.0,0.0,0.0,0.0,1.0,0.0,0.0,0.0,70.0,0.0,2.0,0.0,0.1,0.1,0.0,1.0,0.0,54.0,63.0,85.7,4.0,42.0,0.0,0.0,0.0,751.0,182.0,31.0,36.0,86.1,20.0,23.0,87.0,0.0,0.0,0.0,0.0,0.0,6.0,0.0,0.0,56.0,7.0,2.0,0.0,0.0,1.0,5.0,0.0,0.0,0.0,0.0,0.0,1.0,0.0,0.0,0.0,0.0,0.0,0.0,0.0,0.0,0.0,0.0,2.0,1.0,0.0,1.0,20.0,38.0,13.0,1.0,70.0,0.0,0.0,0.0,163.0,103.0,0.0,0.0,3.0,0.0,45.0,1.0,0.0,1.0,1.0,0.0,0.0,0.0,0.0,8.0,1.0,1.0,50.0,1.0,0.4,2.1,0.0,1.0,192.0
John Stones,ENG,28,90.0,0,0,0,0,0,0,0,0,102.0,2.0,1,2.0,0.0,0.0,0.0,0.0,0.0,88.0,90.0,97.8,9.0,68.0,0.0,0.0,0.0,1615.0,824.0,39.0,40.0,97.5,39.0,40.0,97.5,10.0,10.0,100.0,0.0,0.0,12.0,0.0,0.0,86.0,4.0,3.0,0.0,0.0,0,1.0,0.0,0.0,0.0,0.0,0.0,0.0,1,1.0,1.0,0.0,1.0,2.0,50.0,1.0,1.0,1.0,3.0,4.0,0.0,7.0,37.0,64.0,2.0,0.0,102.0,0.0,0.0,0.0,279.0,166.0,1.0,0.0,1.0,1.0,80.0,1.0,0,0,1,0,0.0,0.0,0,3.0,4.0,0.0,100.0,False,2022-2023,RB,CB,None,None,1.0,Chelsea_Manchester_City,Chelsea_Manchester_City_2022,0.4,2.1,0.0,1.0,2023-01-05,Paul Tierney,Stamford Bridge,Thu,20:00,"39,998",192,Manchester City,Chelsea,28.0,0.0,0.0,0.0,0.0,0.0,0.0,0.0,0.0,102.0,2.0,1.0,2.0,0.0,0.0,0.0,0.0,0.0,88.0,90.0,97.8,9.0,68.0,0.0,0.0,0.0,1615.0,824.0,39.0,40.0,97.5,39.0,40.0,97.5,10.0,10.0,100.0,0.0,0.0,12.0,0.0,0.0,86.0,4.0,3.0,0.0,0.0,0.0,1.0,0.0,0.0,0.0,0.0,0.0,0.0,1.0,1.0,1.0,0.0,1.0,2.0,50.0,1.0,1.0,1.0,3.0,4.0,0.0,7.0,37.0,64.0,2.0,0.0,102.0,0.0,0.0,0.0,279.0,166.0,1.0,0.0,1.0,1.0,80.0,1.0,0.0,0.0,1.0,0.0,0.0,0.0,0.0,3.0,4.0,0.0,100.0,1.0,0.4,2.1,0.0,1.0,192.0
Kyle Walker,ENG,32,45.0,0,0,0,0,0,0,0,0,50.0,0.0,0,0.0,0.0,0.0,0.0,0.0,0.0,40.0,48.0,83.3,3.0,36.0,1.0,0.0,0.0,697.0,230.0,13.0,16.0,81.3,26.0,28.0,92.9,1.0,3.0,33.3,0.0,0.0,4.0,0.0,0.0,45.0,3.0,1.0,0.0,0.0,0,2.0,0.0,0.0,0.0,0.0,0.0,0.0,0,0.0,0.0,0.0,0.0,0.0,0.0,0.0,0.0,0.0,0.0,0.0,0.0,2.0,16.0,28.0,6.0,0.0,50.0,0.0,0.0,0.0,98.0,70.0,0.0,0.0,1.0,0.0,41.0,2.0,0,1,0,0,0.0,0.0,0,5.0,0.0,1.0,0.0,False,2022-2023,RB,None,None,None,0.5,Chelsea_Manchester_City,Chelsea_Manchester_City_2022,0.4,2.1,0.0,1.0,2023-01-05,Paul Tierney,Stamford Bridge,Thu,20:00,"39,998",192,Manchester City,Chelsea,64.0,0.0,0.0,0.0,0.0,0.0,0.0,0.0,0.0,100.0,0.0,0.0,0.0,0.0,0.0,0.0,0.0,0.0,80.0,96.0,166.6,6.0,72.0,2.0,0.0,0.0,1394.0,460.0,26.0,32.0,162.6,52.0,56.0,185.8,2.0,6.0,66.6,0.0,0.0,8.0,0.0,0.0,90.0,6.0,2.0,0.0,0.0,0.0,4.0,0.0,0.0,0.0,0.0,0.0,0.0,0.0,0.0,0.0,0.0,0.0,0.0,0.0,0.0,0.0,0.0,0.0,0.0,0.0,4.0,32.0,56.0,12.0,0.0,100.0,0.0,0.0,0.0,196.0,140.0,0.0,0.0,2.0,0.0,82.0,4.0,0.0,2.0,0.0,0.0,0.0,0.0,0.0,10.0,0.0,2.0,0.0,1.0,0.8,4.2,0.0,2.0,384.0
Manuel Akanji,SUI,27,45.0,0,0,0,0,0,0,0,0,40.0,1.0,1,0.0,0.0,0.0,0.0,0.0,0.0,34.0,38.0,89.5,4.0,26.0,0.0,0.0,0.0,714.0,284.0,13.0,14.0,92.9,14.0,14.0,100.0,7.0,10.0,70.0,0.0,0.0,7.0,0.0,0.0,36.0,2.0,2.0,0.0,0.0,0,0.0,0.0,0.0,0.0,0.0,0.0,0.0,1,1.0,0.0,0.0,1.0,1.0,100.0,0.0,0.0,0.0,2.0,1.0,0.0,2.0,16.0,23.0,1.0,0.0,40.0,0.0,0.0,0.0,100.0,69.0,1.0,0.0,0.0,0.0,28.0,0.0,0,0,0,0,0.0,0.0,0,6.0,0.0,0.0,0.0,False,2022-2023,CB,None,None,None,0.5,Chelsea_Manchester_City,Chelsea_Manchester_City_2022,0.4,2.1,0.0,1.0,2023-01-05,Paul Tierney,Stamford Bridge,Thu,20:00,"39,998",192,Manchester City,Chelsea,54.0,0.0,0.0,0.0,0.0,0.0,0.0,0.0,0.0,80.0,2.0,2.0,0.0,0.0,0.0,0.0,0.0,0.0,68.0,76.0,179.0,8.0,52.0,0.0,0.0,0.0,1428.0,568.0,26.0,28.0,185.8,28.0,28.0,200.0,14.0,20.0,140.0,0.0,0.0,14.0,0.0,0.0,72.0,4.0,4.0,0.0,0.0,0.0,0.0,0.0,0.0,0.0,0.0,0.0,0.0,2.0,2.0,0.0,0.0,2.0,2.0,200.0,0.0,0.0,0.0,4.0,2.0,0.0,4.0,32.0,46.0,2.0,0.0,80.0,0.0,0.0,0.0,200.0,138.0,2.0,0.0,0.0,0.0,56.0,0.0,0.0,0.0,0.0,0.0,0.0,0.0,0.0,12.0,0.0,0.0,0.0,1.0,0.8,4.2,0.0,2.0,384.0
Ederson,BRA,29,90.0,0,0,0,0,0,0,0,0,29.0,0.0,0,0.0,0.0,0.0,0.0,0.0,0.0,21.0,28.0,75.0,0.0,17.0,0.0,0.0,0.0,613.0,460.0,4.0,4.0,100.0,10.0,10.0,100.0,7.0,14.0,50.0,0.0,0.0,1.0,0.0,0.0,21.0,7.0,1.0,0.0,0.0,0,0.0,0.0,0.0,0.0,0.0,0.0,0.0,0,0.0,0.0,0.0,0.0,0.0,0.0,0.0,0.0,0.0,0.0,0.0,0.0,24.0,29.0,0.0,0.0,0.0,29.0,0.0,0.0,0.0,60.0,46.0,0.0,0.0,0.0,0.0,16.0,0.0,0,0,0,0,0.0,0.0,0,0.0,0.0,0.0,0.0,False,2022-2023,GK,None,None,None,1.0,Chelsea_Manchester_City,Chelsea_Manchester_City_2022,0.4,2.1,0.0,1.0,2023-01-05,Paul Tierney,Stamford Bridge,Thu,20:00,"39,998",192,Manchester City,Chelsea,29.0,0.0,0.0,0.0,0.0,0.0,0.0,0.0,0.0,29.0,0.0,0.0,0.0,0.0,0.0,0.0,0.0,0.0,21.0,28.0,75.0,0.0,17.0,0.0,0.0,0.0,613.0,460.0,4.0,4.0,100.0,10.0,10.0,100.0,7.0,14.0,50.0,0.0,0.0,1.0,0.0,0.0,21.0,7.0,1.0,0.0,0.0,0.0,0.0,0.0,0.0,0.0,0.0,0.0,0.0,0.0,0.0,0.0,0.0,0.0,0.0,0.0,0.0,0.0,0.0,0.0,0.0,0.0,24.0,29.0,0.0,0.0,0.0,29.0,0.0,0.0,0.0,60.0,46.0,0.0,0.0,0.0,0.0,16.0,0.0,0.0,0.0,0.0,0.0,0.0,0.0,0.0,0.0,0.0,0.0,0.0,1.0,0.4,2.1,0.0,1.0,192.0
Julian Alvarez,ARG,23,90.0,1,0,0,0,3,2,0,0,37.0,1.0,1,0.0,0.4,0.4,0.3,4.0,0.0,23.0,28.0,82.1,1.0,27.0,4.0,4.0,1.0,327.0,51.0,12.0,14.0,85.7,7.0,9.0,77.8,2.0,2.0,100.0,0.3,2.0,0.0,1.0,0.0,27.0,1.0,1.0,1.0,0.0,2,0.0,0.0,0.0,0.0,0.0,0.0,0.0,1,0.0,1.0,0.0,1.0,1.0,100.0,0.0,0.0,0.0,2.0,0.0,0.0,0.0,4.0,10.0,24.0,8.0,37.0,25.0,3.0,75.0,129.0,53.0,2.0,3.0,1.0,1.0,31.0,6.0,0,2,1,1,0.0,0.0,0,4.0,0.0,0.0,0.0,True,2022-2023,FW,LM,AM,None,1.0,Chelsea_Manchester_City,Chelsea_Manchester_City_2022,1.2,1.2,1.0,0.0,2023-05-21,Michael Oliver,Etihad Stadium,Sun,16:00,"53,490",414,Manchester City,Chelsea,23.0,1.0,0.0,0.0,0.0,3.0,2.0,0.0,0.0,37.0,1.0,1.0,0.0,0.4,0.4,0.3,4.0,0.0,23.0,28.0,82.1,1.0,27.0,4.0,4.0,1.0,327.0,51.0,12.0,14.0,85.7,7.0,9.0,77.8,2.0,2.0,100.0,0.3,2.0,0.0,1.0,0.0,27.0,1.0,1.0,1.0,0.0,2.0,0.0,0.0,0.0,0.0,0.0,0.0,0.0,1.0,0.0,1.0,0.0,1.0,1.0,100.0,0.0,0.0,0.0,2.0,0.0,0.0,0.0,4.0,10.0,24.0,8.0,37.0,25.0,3.0,75.0,129.0,53.0,2.0,3.0,1.0,1.0,31.0,6.0,0.0,2.0,1.0,1.0,0.0,0.0,0.0,4.0,0.0,0.0,0.0,1.0,1.2,1.2,1.0,0.0,414.0
Cole Palmer,ENG,21,90.0,0,1,0,0,2,0,0,0,60.0,0.0,0,0.0,0.1,0.1,0.3,6.0,1.0,46.0,52.0,88.5,1.0,44.0,9.0,6.0,3.0,616.0,94.0,30.0,31.0,96.8,13.0,15.0,86.7,1.0,2.0,50.0,0.1,1.0,3.0,0.0,0.0,51.0,1.0,0.0,0.0,0.0,1,1.0,0.0,0.0,0.0,0.0,0.0,1.0,0,0.0,0.0,0.0,0.0,1.0,0.0,1.0,0.0,0.0,0.0,0.0,0.0,0.0,1.0,22.0,37.0,8.0,60.0,50.0,1.0,16.7,385.0,218.0,3.0,5.0,2.0,1.0,54.0,13.0,0,0,2,0,0.0,0.0,0,2.0,0.0,0.0,0.0,True,2022-2023,LW,RW,None,None,1.0,Chelsea_Manchester_City,Chelsea_Manchester_City_2022,1.2,1.2,1.0,0.0,2023-05-21,Michael Oliver,Etihad Stadium,Sun,16:00,"53,490",414,Manchester City,Chelsea,21.0,0.0,1.0,0.0,0.0,2.0,0.0,0.0,0.0,60.0,0.0,0.0,0.0,0.1,0.1,0.3,6.0,1.0,46.0,52.0,88.5,1.0,44.0,9.0,6.0,3.0,616.0,94.0,30.0,31.0,96.8,13.0,15.0,86.7,1.0,2.0,50.0,0.1,1.0,3.0,0.0,0.0,51.0,1.0,0.0,0.0,0.0,1.0,1.0,0.0,0.0,0.0,0.0,0.0,1.0,0.0,0.0,0.0,0.0,0.0,1.0,0.0,1.0,0.0,0.0,0.0,0.0,0.0,0.0,1.0,22.0,37.0,8.0,60.0,50.0,1.0,16.7,385.0,218.0,3.0,5.0,2.0,1.0,54.0,13.0,0.0,0.0,2.0,0.0,0.0,0.0,0.0,2.0,0.0,0.0,0.0,1.0,1.2,1.2,1.0,0.0,414.0
Riyad Mahrez,ALG,32,73.0,0,0,0,0,1,0,0,0,39.0,1.0,0,0.0,0.1,0.1,0.1,2.0,0.0,28.0,34.0,82.4,1.0,24.0,2.0,2.0,0.0,387.0,61.0,21.0,21.0,100.0,6.0,8.0,75.0,1.0,4.0,25.0,0.1,1.0,0.0,0.0,0.0,30.0,4.0,1.0,0.0,0.0,5,0.0,3.0,1.0,1.0,0.0,0.0,1.0,1,0.0,0.0,1.0,0.0,2.0,0.0,2.0,0.0,0.0,1.0,0.0,0.0,0.0,2.0,12.0,25.0,3.0,39.0,0.0,2.0,100.0,124.0,54.0,0.0,1.0,1.0,3.0,30.0,5.0,0,3,0,1,0.0,0.0,0,3.0,0.0,0.0,0.0,True,2022-2023,RW,None,None,None,0.8111111111111111,Chelsea_Manchester_City,Chelsea_Manchester_City_2022,1.2,1.2,1.0,0.0,2023-05-21,Michael Oliver,Etihad Stadium,Sun,16:00,"53,490",414,Manchester City,Chelsea,39.45205479452055,0.0,0.0,0.0,0.0,1.2328767123287672,0.0,0.0,0.0,48.082191780821915,1.2328767123287672,0.0,0.0,0.12328767123287672,0.12328767123287672,0.12328767123287672,2.4657534246575343,0.0,34.52054794520548,41.917808219178085,101.58904109589042,1.2328767123287672,29.589041095890412,2.4657534246575343,2.4657534246575343,0.0,477.1232876712329,75.20547945205479,25.89041095890411,25.89041095890411,123.28767123287672,7.397260273972603,9.863013698630137,92.46575342465754,1.2328767123287672,4.931506849315069,30.82191780821918,0.12328767123287672,1.2328767123287672,0.0,0.0,0.0,36.986301369863014,4.931506849315069,1.2328767123287672,0.0,0.0,6.164383561643835,0.0,3.6986301369863015,1.2328767123287672,1.2328767123287672,0.0,0.0,1.2328767123287672,1.2328767123287672,0.0,0.0,1.2328767123287672,0.0,2.4657534246575343,0.0,2.4657534246575343,0.0,0.0,1.2328767123287672,0.0,0.0,0.0,2.4657534246575343,14.794520547945206,30.82191780821918,3.6986301369863015,48.082191780821915,0.0,2.4657534246575343,123.28767123287672,152.87671232876713,66.57534246575342,0.0,1.2328767123287672,1.2328767123287672,3.6986301369863015,36.986301369863014,6.164383561643835,0.0,3.6986301369863015,0.0,1.2328767123287672,0.0,0.0,0.0,3.6986301369863015,0.0,0.0,0.0,1.0,1.4794520547945205,1.4794520547945205,1.2328767123287672,0.0,510.4109589041096
Erling Haaland,NOR,22,17.0,0,0,0,0,1,0,0,0,6.0,0.0,0,0.0,0.1,0.1,0.0,0.0,0.0,3.0,4.0,75.0,0.0,3.0,0.0,0.0,0.0,45.0,0.0,2.0,3.0,66.7,1.0,1.0,100.0,0.0,0.0,0.0,0.0,0.0,0.0,0.0,0.0,4.0,0.0,0.0,0.0,0.0,0,0.0,0.0,0.0,0.0,0.0,0.0,0.0,0,0.0,0.0,0.0,0.0,0.0,0.0,0.0,0.0,0.0,0.0,0.0,0.0,0.0,0.0,4.0,2.0,2.0,6.0,0.0,0.0,0.0,10.0,0.0,0.0,0.0,0.0,0.0,6.0,1.0,0,0,0,0,0.0,0.0,0,0.0,1.0,0.0,100.0,True,2022-2023,FW,None,None,None,0.18888888888888888,Chelsea_Manchester_City,Chelsea_Manchester_City_2022,1.2,1.2,1.0,0.0,2023-05-21,Michael Oliver,Etihad Stadium,Sun,16:00,"53,490",414,Manchester City,Chelsea,116.47058823529412,0.0,0.0,0.0,0.0,5.294117647058823,0.0,0.0,0.0,31.764705882352942,0.0,0.0,0.0,0.5294117647058824,0.5294117647058824,0.0,0.0,0.0,15.882352941176471,21.176470588235293,397.05882352941177,0.0,15.882352941176471,0.0,0.0,0.0,238.23529411764707,0.0,10.588235294117647,15.882352941176471,353.11764705882354,5.294117647058823,5.294117647058823,529.4117647058823,0.0,0.0,0.0,0.0,0.0,0.0,0.0,0.0,21.176470588235293,0.0,0.0,0.0,0.0,0.0,0.0,0.0,0.0,0.0,0.0,0.0,0.0,0.0,0.0,0.0,0.0,0.0,0.0,0.0,0.0,0.0,0.0,0.0,0.0,0.0,0.0,0.0,21.176470588235293,10.588235294117647,10.588235294117647,31.764705882352942,0.0,0.0,0.0,52.94117647058824,0.0,0.0,0.0,0.0,0.0,31.764705882352942,5.294117647058823,0.0,0.0,0.0,0.0,0.0,0.0,0.0,0.0,5.294117647058823,0.0,529.4117647058823,1.0,6.352941176470588,6.352941176470588,5.294117647058823,0.0,2191.764705882353
Phil Foden,ENG,22,90.0,0,0,0,0,4,0,0,0,68.0,0.0,0,1.0,0.4,0.4,0.1,3.0,0.0,52.0,59.0,88.1,9.0,44.0,5.0,1.0,0.0,800.0,146.0,28.0,30.0,93.3,16.0,20.0,80.0,5.0,5.0,100.0,0.1,1.0,4.0,3.0,0.0,58.0,1.0,1.0,0.0,0.0,1,0.0,0.0,0.0,0.0,0.0,0.0,1.0,0,0.0,0.0,0.0,0.0,1.0,0.0,1.0,0.0,1.0,0.0,1.0,0.0,2.0,9.0,34.0,27.0,4.0,68.0,0.0,1.0,100.0,258.0,118.0,3.0,2.0,0.0,1.0,60.0,2.0,0,2,2,0,0.0,0.0,0,2.0,0.0,0.0,0.0,True,2022-2023,AM,LW,None,None,1.0,Chelsea_Manchester_City,Chelsea_Manchester_City_2022,1.2,1.2,1.0,0.0,2023-05-21,Michael Oliver,Etihad Stadium,Sun,16:00,"53,490",414,Manchester City,Chelsea,22.0,0.0,0.0,0.0,0.0,4.0,0.0,0.0,0.0,68.0,0.0,0.0,1.0,0.4,0.4,0.1,3.0,0.0,52.0,59.0,88.1,9.0,44.0,5.0,1.0,0.0,800.0,146.0,28.0,30.0,93.3,16.0,20.0,80.0,5.0,5.0,100.0,0.1,1.0,4.0,3.0,0.0,58.0,1.0,1.0,0.0,0.0,1.0,0.0,0.0,0.0,0.0,0.0,0.0,1.0,0.0,0.0,0.0,0.0,0.0,1.0,0.0,1.0,0.0,1.0,0.0,1.0,0.0,2.0,9.0,34.0,27.0,4.0,68.0,0.0,1.0,100.0,258.0,118.0,3.0,2.0,0.0,1.0,60.0,2.0,0.0,2.0,2.0,0.0,0.0,0.0,0.0,2.0,0.0,0.0,0.0,1.0,1.2,1.2,1.0,0.0,414.0
Sergio Gomez,ESP,22,77.0,0,0,0,0,1,0,0,0,72.0,2.0,0,0.0,0.0,0.0,0.0,2.0,0.0,58.0,65.0,89.2,4.0,42.0,3.0,1.0,0.0,811.0,189.0,34.0,36.0,94.4,22.0,24.0,91.7,1.0,1.0,100.0,0.0,1.0,4.0,0.0,0.0,57.0,8.0,1.0,0.0,0.0,1,7.0,0.0,0.0,0.0,0.0,0.0,3.0,2,1.0,0.0,1.0,2.0,3.0,66.7,1.0,0.0,0.0,2.0,1.0,1.0,3.0,15.0,39.0,19.0,1.0,72.0,0.0,1.0,100.0,229.0,130.0,4.0,0.0,3.0,1.0,53.0,1.0,0,0,1,0,0.0,0.0,0,7.0,1.0,2.0,33.3,True,2022-2023,LM,None,None,None,0.8555555555555555,Chelsea_Manchester_City,Chelsea_Manchester_City_2022,1.2,1.2,1.0,0.0,2023-05-21,Michael Oliver,Etihad Stadium,Sun,16:00,"53,490",414,Manchester City,Chelsea,25.714285714285715,0.0,0.0,0.0,0.0,1.168831168831169,0.0,0.0,0.0,84.15584415584416,2.337662337662338,0.0,0.0,0.0,0.0,0.0,2.337662337662338,0.0,67.79220779220779,75.97402597402598,104.25974025974027,4.675324675324676,49.09090909090909,3.5064935064935066,1.168831168831169,0.0,947.922077922078,220.9090909090909,39.740259740259745,42.07792207792208,110.33766233766235,25.714285714285715,28.051948051948052,107.18181818181819,1.168831168831169,1.168831168831169,116.88311688311688,0.0,1.168831168831169,4.675324675324676,0.0,0.0,66.62337662337663,9.350649350649352,1.168831168831169,0.0,0.0,1.168831168831169,8.181818181818182,0.0,0.0,0.0,0.0,0.0,3.5064935064935066,2.337662337662338,1.168831168831169,0.0,1.168831168831169,2.337662337662338,3.5064935064935066,77.96103896103897,1.168831168831169,0.0,0.0,2.337662337662338,1.168831168831169,1.168831168831169,3.5064935064935066,17.532467532467532,45.58441558441559,22.20779220779221,1.168831168831169,84.15584415584416,0.0,1.168831168831169,116.88311688311688,267.6623376623377,151.94805194805195,4.675324675324676,0.0,3.5064935064935066,1.168831168831169,61.94805194805195,1.168831168831169,0.0,0.0,1.168831168831169,0.0,0.0,0.0,0.0,8.181818181818182,1.168831168831169,2.337662337662338,38.92207792207792,1.0,1.4025974025974026,1.4025974025974026,1.168831168831169,0.0,483.8961038961039
Kevin De Bruyne,BEL,31,13.0,0,0,0,0,0,0,0,0,15.0,0.0,0,0.0,0.0,0.0,0.0,0.0,0.0,12.0,14.0,85.7,1.0,6.0,0.0,1.0,0.0,192.0,73.0,8.0,8.0,100.0,2.0,3.0,66.7,2.0,2.0,100.0,0.1,0.0,0.0,1.0,1.0,10.0,4.0,0.0,0.0,0.0,1,2.0,2.0,0.0,0.0,0.0,0.0,1.0,0,0.0,0.0,0.0,0.0,0.0,0.0,0.0,0.0,0.0,0.0,0.0,0.0,0.0,0.0,6.0,9.0,0.0,15.0,0.0,1.0,100.0,15.0,7.0,0.0,0.0,0.0,0.0,8.0,0.0,0,0,0,0,0.0,0.0,0,2.0,0.0,0.0,0.0,True,2022-2023,RM,None,None,None,0.14444444444444443,Chelsea_Manchester_City,Chelsea_Manchester_City_2022,1.2,1.2,1.0,0.0,2023-05-21,Michael Oliver,Etihad Stadium,Sun,16:00,"53,490",414,Manchester City,Chelsea,214.61538461538464,0.0,0.0,0.0,0.0,0.0,0.0,0.0,0.0,103.84615384615385,0.0,0.0,0.0,0.0,0.0,0.0,0.0,0.0,83.07692307692308,96.92307692307693,593.3076923076924,6.923076923076923,41.53846153846154,0.0,6.923076923076923,0.0,1329.2307692307693,505.3846153846154,55.38461538461539,55.38461538461539,692.3076923076924,13.846153846153847,20.76923076923077,461.76923076923083,13.846153846153847,13.846153846153847,692.3076923076924,0.6923076923076924,0.0,0.0,6.923076923076923,6.923076923076923,69.23076923076924,27.692307692307693,0.0,0.0,0.0,6.923076923076923,13.846153846153847,13.846153846153847,0.0,0.0,0.0,0.0,6.923076923076923,0.0,0.0,0.0,0.0,0.0,0.0,0.0,0.0,0.0,0.0,0.0,0.0,0.0,0.0,0.0,41.53846153846154,62.307692307692314,0.0,103.84615384615385,0.0,6.923076923076923,692.3076923076924,103.84615384615385,48.46153846153847,0.0,0.0,0.0,0.0,55.38461538461539,0.0,0.0,0.0,0.0,0.0,0.0,0.0,0.0,13.846153846153847,0.0,0.0,0.0,1.0,8.307692307692308,8.307692307692308,6.923076923076923,0.0,2866.1538461538466
Rico Lewis,ENG,18,90.0,0,0,0,0,0,0,0,0,48.0,1.0,1,0.0,0.0,0.0,0.1,3.0,0.0,38.0,45.0,84.4,1.0,25.0,0.0,1.0,1.0,516.0,55.0,27.0,30.0,90.0,9.0,11.0,81.8,2.0,2.0,100.0,0.2,1.0,0.0,1.0,0.0,43.0,2.0,0.0,0.0,0.0,0,1.0,0.0,0.0,0.0,0.0,0.0,2.0,0,1.0,0.0,0.0,1.0,1.0,100.0,0.0,0.0,0.0,2.0,1.0,1.0,2.0,11.0,26.0,11.0,1.0,48.0,100.0,0.0,0.0,120.0,44.0,2.0,0.0,0.0,0.0,39.0,2.0,0,0,0,0,0.0,0.0,0,2.0,0.0,0.0,0.0,True,2022-2023,RM,LB,None,None,1.0,Chelsea_Manchester_City,Chelsea_Manchester_City_2022,1.2,1.2,1.0,0.0,2023-05-21,Michael Oliver,Etihad Stadium,Sun,16:00,"53,490",414,Manchester City,Chelsea,18.0,0.0,0.0,0.0,0.0,0.0,0.0,0.0,0.0,48.0,1.0,1.0,0.0,0.0,0.0,0.1,3.0,0.0,38.0,45.0,84.4,1.0,25.0,0.0,1.0,1.0,516.0,55.0,27.0,30.0,90.0,9.0,11.0,81.8,2.0,2.0,100.0,0.2,1.0,0.0,1.0,0.0,43.0,2.0,0.0,0.0,0.0,0.0,1.0,0.0,0.0,0.0,0.0,0.0,2.0,0.0,1.0,0.0,0.0,1.0,1.0,100.0,0.0,0.0,0.0,2.0,1.0,1.0,2.0,11.0,26.0,11.0,1.0,48.0,100.0,0.0,0.0,120.0,44.0,2.0,0.0,0.0,0.0,39.0,2.0,0.0,0.0,0.0,0.0,0.0,0.0,0.0,2.0,0.0,0.0,0.0,1.0,1.2,1.2,1.0,0.0,414.0
Kalvin Phillips,ENG,27,90.0,0,0,0,0,3,0,0,0,92.0,0.0,2,2.0,0.2,0.2,0.1,5.0,1.0,77.0,83.0,92.8,5.0,63.0,0.0,1.0,1.0,1387.0,236.0,27.0,28.0,96.4,44.0,45.0,97.8,6.0,8.0,75.0,0.0,2.0,9.0,0.0,0.0,82.0,0.0,0.0,0.0,1.0,0,0.0,0.0,0.0,0.0,0.0,1.0,0.0,0,0.0,0.0,0.0,0.0,3.0,0.0,3.0,1.0,1.0,2.0,3.0,0.0,4.0,19.0,65.0,9.0,2.0,92.0,100.0,0.0,0.0,288.0,89.0,1.0,0.0,0.0,1.0,75.0,1.0,0,2,1,0,0.0,0.0,0,7.0,0.0,0.0,0.0,True,2022-2023,DM,CM,None,None,1.0,Chelsea_Manchester_City,Chelsea_Manchester_City_2022,1.2,1.2,1.0,0.0,2023-05-21,Michael Oliver,Etihad Stadium,Sun,16:00,"53,490",414,Manchester City,Chelsea,27.0,0.0,0.0,0.0,0.0,3.0,0.0,0.0,0.0,92.0,0.0,2.0,2.0,0.2,0.2,0.1,5.0,1.0,77.0,83.0,92.8,5.0,63.0,0.0,1.0,1.0,1387.0,236.0,27.0,28.0,96.4,44.0,45.0,97.8,6.0,8.0,75.0,0.0,2.0,9.0,0.0,0.0,82.0,0.0,0.0,0.0,1.0,0.0,0.0,0.0,0.0,0.0,0.0,1.0,0.0,0.0,0.0,0.0,0.0,0.0,3.0,0.0,3.0,1.0,1.0,2.0,3.0,0.0,4.0,19.0,65.0,9.0,2.0,92.0,100.0,0.0,0.0,288.0,89.0,1.0,0.0,0.0,1.0,75.0,1.0,0.0,2.0,1.0,0.0,0.0,0.0,0.0,7.0,0.0,0.0,0.0,1.0,1.2,1.2,1.0,0.0,414.0
Aymeric Laporte,ESP,28,77.0,0,0,0,0,0,0,0,0,84.0,2.0,0,1.0,0.0,0.0,0.0,0.0,0.0,75.0,79.0,94.9,5.0,60.0,2.0,0.0,0.0,1306.0,381.0,27.0,28.0,96.4,42.0,43.0,97.7,5.0,7.0,71.4,0.0,0.0,9.0,0.0,0.0,74.0,5.0,4.0,0.0,0.0,0,1.0,0.0,0.0,0.0,0.0,0.0,0.0,1,1.0,1.0,0.0,2.0,3.0,66.7,1.0,1.0,0.0,2.0,2.0,0.0,9.0,35.0,46.0,3.0,0.0,84.0,0.0,0.0,0.0,427.0,350.0,2.0,0.0,0.0,0.0,65.0,0.0,0,2,1,0,0.0,0.0,0,2.0,0.0,1.0,0.0,True,2022-2023,CB,None,None,None,0.8555555555555555,Chelsea_Manchester_City,Chelsea_Manchester_City_2022,1.2,1.2,1.0,0.0,2023-05-21,Michael Oliver,Etihad Stadium,Sun,16:00,"53,490",414,Manchester City,Chelsea,32.72727272727273,0.0,0.0,0.0,0.0,0.0,0.0,0.0,0.0,98.18181818181819,2.337662337662338,0.0,1.168831168831169,0.0,0.0,0.0,0.0,0.0,87.66233766233766,92.33766233766234,110.92207792207793,5.8441558441558445,70.12987012987013,2.337662337662338,0.0,0.0,1526.4935064935066,445.32467532467535,31.55844155844156,32.72727272727273,112.67532467532469,49.09090909090909,50.25974025974026,114.1948051948052,5.8441558441558445,8.181818181818182,83.45454545454547,0.0,0.0,10.51948051948052,0.0,0.0,86.4935064935065,5.8441558441558445,4.675324675324676,0.0,0.0,0.0,1.168831168831169,0.0,0.0,0.0,0.0,0.0,0.0,1.168831168831169,1.168831168831169,1.168831168831169,0.0,2.337662337662338,3.5064935064935066,77.96103896103897,1.168831168831169,1.168831168831169,0.0,2.337662337662338,2.337662337662338,0.0,10.51948051948052,40.909090909090914,53.76623376623377,3.5064935064935066,0.0,98.18181818181819,0.0,0.0,0.0,499.0909090909091,409.0909090909091,2.337662337662338,0.0,0.0,0.0,75.97402597402598,0.0,0.0,2.337662337662338,1.168831168831169,0.0,0.0,0.0,0.0,2.337662337662338,0.0,1.168831168831169,0.0,1.0,1.4025974025974026,1.4025974025974026,1.168831168831169,0.0,483.8961038961039
Rodri,ESP,26,13.0,0,0,0,0,0,0,0,0,23.0,0.0,0,0.0,0.0,0.0,0.0,0.0,0.0,20.0,22.0,90.9,1.0,18.0,0.0,0.0,0.0,373.0,100.0,9.0,9.0,100.0,7.0,8.0,87.5,3.0,4.0,75.0,0.0,0.0,0.0,0.0,0.0,22.0,0.0,0.0,0.0,0.0,0,0.0,0.0,0.0,0.0,0.0,0.0,0.0,0,0.0,0.0,0.0,0.0,0.0,0.0,0.0,0.0,0.0,0.0,1.0,0.0,2.0,12.0,10.0,1.0,0.0,23.0,0.0,0.0,0.0,107.0,77.0,1.0,0.0,0.0,0.0,19.0,0.0,0,0,0,0,0.0,0.0,0,0.0,1.0,1.0,50.0,True,2022-2023,CB,None,None,None,0.14444444444444443,Chelsea_Manchester_City,Chelsea_Manchester_City_2022,1.2,1.2,1.0,0.0,2023-05-21,Michael Oliver,Etihad Stadium,Sun,16:00,"53,490",414,Manchester City,Chelsea,180.00000000000003,0.0,0.0,0.0,0.0,0.0,0.0,0.0,0.0,159.23076923076925,0.0,0.0,0.0,0.0,0.0,0.0,0.0,0.0,138.46153846153848,152.30769230769232,629.3076923076924,6.923076923076923,124.61538461538463,0.0,0.0,0.0,2582.3076923076924,692.3076923076924,62.307692307692314,62.307692307692314,692.3076923076924,48.46153846153847,55.38461538461539,605.7692307692308,20.76923076923077,27.692307692307693,519.2307692307693,0.0,0.0,0.0,0.0,0.0,152.30769230769232,0.0,0.0,0.0,0.0,0.0,0.0,0.0,0.0,0.0,0.0,0.0,0.0,0.0,0.0,0.0,0.0,0.0,0.0,0.0,0.0,0.0,0.0,0.0,6.923076923076923,0.0,13.846153846153847,83.07692307692308,69.23076923076924,6.923076923076923,0.0,159.23076923076925,0.0,0.0,0.0,740.7692307692308,533.0769230769231,6.923076923076923,0.0,0.0,0.0,131.53846153846155,0.0,0.0,0.0,0.0,0.0,0.0,0.0,0.0,0.0,6.923076923076923,6.923076923076923,346.1538461538462,1.0,8.307692307692308,8.307692307692308,6.923076923076923,0.0,2866.1538461538466
Manuel Akanji,SUI,27,56.0,0,0,0,0,0,0,0,0,68.0,1.0,0,0.0,0.0,0.0,0.0,0.0,0.0,59.0,65.0,90.8,4.0,54.0,0.0,0.0,0.0,1009.0,368.0,23.0,24.0,95.8,31.0,32.0,96.9,4.0,6.0,66.7,0.0,0.0,4.0,0.0,0.0,64.0,0.0,0.0,0.0,0.0,0,0.0,0.0,0.0,0.0,0.0,1.0,1.0,1,0.0,1.0,0.0,1.0,1.0,100.0,0.0,0.0,0.0,1.0,1.0,0.0,4.0,24.0,44.0,0.0,0.0,68.0,0.0,0.0,0.0,295.0,187.0,0.0,0.0,0.0,0.0,59.0,0.0,0,0,1,0,0.0,0.0,0,4.0,1.0,0.0,100.0,True,2022-2023,CB,None,None,None,0.6222222222222222,Chelsea_Manchester_City,Chelsea_Manchester_City_2022,1.2,1.2,1.0,0.0,2023-05-21,Michael Oliver,Etihad Stadium,Sun,16:00,"53,490",414,Manchester City,Chelsea,43.39285714285714,0.0,0.0,0.0,0.0,0.0,0.0,0.0,0.0,109.28571428571428,1.6071428571428572,0.0,0.0,0.0,0.0,0.0,0.0,0.0,94.82142857142857,104.46428571428571,145.92857142857142,6.428571428571429,86.78571428571428,0.0,0.0,0.0,1621.607142857143,591.4285714285714,36.964285714285715,38.57142857142857,153.9642857142857,49.82142857142857,51.42857142857143,155.73214285714286,6.428571428571429,9.642857142857142,107.19642857142857,0.0,0.0,6.428571428571429,0.0,0.0,102.85714285714286,0.0,0.0,0.0,0.0,0.0,0.0,0.0,0.0,0.0,0.0,1.6071428571428572,1.6071428571428572,1.6071428571428572,0.0,1.6071428571428572,0.0,1.6071428571428572,1.6071428571428572,160.71428571428572,0.0,0.0,0.0,1.6071428571428572,1.6071428571428572,0.0,6.428571428571429,38.57142857142857,70.71428571428571,0.0,0.0,109.28571428571428,0.0,0.0,0.0,474.10714285714283,300.5357142857143,0.0,0.0,0.0,0.0,94.82142857142857,0.0,0.0,0.0,1.6071428571428572,0.0,0.0,0.0,0.0,6.428571428571429,1.6071428571428572,0.0,160.71428571428572,1.0,1.9285714285714284,1.9285714285714284,1.6071428571428572,0.0,665.3571428571429
John Stones,ENG,28,34.0,0,0,0,0,0,0,0,0,46.0,0.0,0,1.0,0.0,0.0,0.0,1.0,0.0,44.0,45.0,97.8,0.0,35.0,0.0,0.0,0.0,729.0,291.0,19.0,19.0,100.0,22.0,22.0,100.0,2.0,3.0,66.7,0.0,1.0,0.0,0.0,0.0,45.0,0.0,0.0,0.0,0.0,0,0.0,0.0,0.0,0.0,0.0,0.0,0.0,0,0.0,0.0,0.0,0.0,0.0,0.0,0.0,1.0,0.0,0.0,0.0,0.0,6.0,30.0,15.0,1.0,1.0,46.0,0.0,0.0,0.0,242.0,192.0,0.0,0.0,0.0,0.0,39.0,0.0,0,0,0,0,0.0,0.0,0,0.0,0.0,0.0,0.0,True,2022-2023,CB,None,None,None,0.37777777777777777,Chelsea_Manchester_City,Chelsea_Manchester_City_2022,1.2,1.2,1.0,0.0,2023-05-21,Michael Oliver,Etihad Stadium,Sun,16:00,"53,490",414,Manchester City,Chelsea,74.11764705882354,0.0,0.0,0.0,0.0,0.0,0.0,0.0,0.0,121.76470588235294,0.0,0.0,2.6470588235294117,0.0,0.0,0.0,2.6470588235294117,0.0,116.47058823529412,119.11764705882354,258.88235294117646,0.0,92.64705882352942,0.0,0.0,0.0,1929.7058823529412,770.2941176470589,50.294117647058826,50.294117647058826,264.70588235294116,58.23529411764706,58.23529411764706,264.70588235294116,5.294117647058823,7.9411764705882355,176.55882352941177,0.0,2.6470588235294117,0.0,0.0,0.0,119.11764705882354,0.0,0.0,0.0,0.0,0.0,0.0,0.0,0.0,0.0,0.0,0.0,0.0,0.0,0.0,0.0,0.0,0.0,0.0,0.0,0.0,2.6470588235294117,0.0,0.0,0.0,0.0,15.882352941176471,79.41176470588235,39.705882352941174,2.6470588235294117,2.6470588235294117,121.76470588235294,0.0,0.0,0.0,640.5882352941177,508.2352941176471,0.0,0.0,0.0,0.0,103.23529411764706,0.0,0.0,0.0,0.0,0.0,0.0,0.0,0.0,0.0,0.0,0.0,0.0,1.0,3.176470588235294,3.176470588235294,2.6470588235294117,0.0,1095.8823529411766
Kyle Walker,ENG,32,90.0,0,0,0,0,0,0,0,0,80.0,0.0,0,0.0,0.0,0.0,0.0,0.0,0.0,71.0,77.0,92.2,3.0,50.0,3.0,1.0,1.0,1295.0,339.0,26.0,26.0,100.0,39.0,41.0,95.1,5.0,7.0,71.4,0.0,0.0,3.0,0.0,0.0,71.0,6.0,2.0,0.0,0.0,1,4.0,0.0,0.0,0.0,0.0,0.0,1.0,0,0.0,0.0,0.0,0.0,1.0,0.0,1.0,0.0,0.0,0.0,2.0,0.0,2.0,23.0,47.0,10.0,1.0,80.0,100.0,0.0,0.0,237.0,133.0,3.0,0.0,1.0,0.0,66.0,4.0,0,1,0,0,0.0,0.0,0,4.0,0.0,1.0,0.0,True,2022-2023,CB,RB,None,None,1.0,Chelsea_Manchester_City,Chelsea_Manchester_City_2022,1.2,1.2,1.0,0.0,2023-05-21,Michael Oliver,Etihad Stadium,Sun,16:00,"53,490",414,Manchester City,Chelsea,32.0,0.0,0.0,0.0,0.0,0.0,0.0,0.0,0.0,80.0,0.0,0.0,0.0,0.0,0.0,0.0,0.0,0.0,71.0,77.0,92.2,3.0,50.0,3.0,1.0,1.0,1295.0,339.0,26.0,26.0,100.0,39.0,41.0,95.1,5.0,7.0,71.4,0.0,0.0,3.0,0.0,0.0,71.0,6.0,2.0,0.0,0.0,1.0,4.0,0.0,0.0,0.0,0.0,0.0,1.0,0.0,0.0,0.0,0.0,0.0,1.0,0.0,1.0,0.0,0.0,0.0,2.0,0.0,2.0,23.0,47.0,10.0,1.0,80.0,100.0,0.0,0.0,237.0,133.0,3.0,0.0,1.0,0.0,66.0,4.0,0.0,1.0,0.0,0.0,0.0,0.0,0.0,4.0,0.0,1.0,0.0,1.0,1.2,1.2,1.0,0.0,414.0
Stefan Ortega,GER,30,90.0,0,0,0,0,0,0,0,0,63.0,0.0,0,0.0,0.0,0.0,0.0,0.0,0.0,55.0,61.0,90.2,0.0,48.0,0.0,0.0,0.0,1074.0,541.0,23.0,24.0,95.8,24.0,24.0,100.0,8.0,13.0,61.5,0.0,0.0,1.0,0.0,0.0,55.0,6.0,1.0,0.0,0.0,0,0.0,0.0,0.0,0.0,0.0,0.0,0.0,0,0.0,0.0,0.0,0.0,0.0,0.0,0.0,0.0,0.0,0.0,0.0,0.0,47.0,63.0,0.0,0.0,0.0,63.0,0.0,0.0,0.0,152.0,88.0,0.0,0.0,0.0,0.0,41.0,0.0,0,0,0,0,0.0,0.0,0,1.0,0.0,0.0,0.0,True,2022-2023,GK,None,None,None,1.0,Chelsea_Manchester_City,Chelsea_Manchester_City_2022,1.2,1.2,1.0,0.0,2023-05-21,Michael Oliver,Etihad Stadium,Sun,16:00,"53,490",414,Manchester City,Chelsea,30.0,0.0,0.0,0.0,0.0,0.0,0.0,0.0,0.0,63.0,0.0,0.0,0.0,0.0,0.0,0.0,0.0,0.0,55.0,61.0,90.2,0.0,48.0,0.0,0.0,0.0,1074.0,541.0,23.0,24.0,95.8,24.0,24.0,100.0,8.0,13.0,61.5,0.0,0.0,1.0,0.0,0.0,55.0,6.0,1.0,0.0,0.0,0.0,0.0,0.0,0.0,0.0,0.0,0.0,0.0,0.0,0.0,0.0,0.0,0.0,0.0,0.0,0.0,0.0,0.0,0.0,0.0,0.0,47.0,63.0,0.0,0.0,0.0,63.0,0.0,0.0,0.0,152.0,88.0,0.0,0.0,0.0,0.0,41.0,0.0,0.0,0.0,0.0,0.0,0.0,0.0,0.0,1.0,0.0,0.0,0.0,1.0,1.2,1.2,1.0,0.0,414.0
Raheem Sterling,ENG,28,68.0,0,0,0,0,2,2,0,0,29.0,0.0,0,2.0,0.3,0.3,0.1,4.0,0.0,12.0,18.0,66.7,2.0,21.0,6.0,3.0,2.0,166.0,31.0,8.0,9.0,88.9,3.0,4.0,75.0,1.0,2.0,50.0,0.0,2.0,1.0,0.0,0.0,17.0,1.0,0.0,0.0,0.0,2,1.0,0.0,0.0,0.0,0.0,0.0,2.0,0,0.0,0.0,0.0,0.0,0.0,0.0,0.0,0.0,2.0,0.0,0.0,0.0,0.0,2.0,15.0,13.0,5.0,29.0,66.7,1.0,33.3,217.0,181.0,4.0,1.0,4.0,0.0,20.0,4.0,0,0,1,1,0.0,0.0,0,3.0,1.0,1.0,50.0,False,2022-2023,FW,None,None,None,0.7555555555555555,Chelsea_Manchester_City,Chelsea_Manchester_City_2022,1.2,1.2,1.0,0.0,2023-05-21,Michael Oliver,Etihad Stadium,Sun,16:00,"53,490",414,Manchester City,Chelsea,37.05882352941177,0.0,0.0,0.0,0.0,2.6470588235294117,2.6470588235294117,0.0,0.0,38.38235294117647,0.0,0.0,2.6470588235294117,0.39705882352941174,0.39705882352941174,0.1323529411764706,5.294117647058823,0.0,15.882352941176471,23.823529411764707,88.27941176470588,2.6470588235294117,27.794117647058822,7.9411764705882355,3.9705882352941178,2.6470588235294117,219.7058823529412,41.029411764705884,10.588235294117647,11.911764705882353,117.66176470588236,3.9705882352941178,5.294117647058823,99.26470588235294,1.3235294117647058,2.6470588235294117,66.17647058823529,0.0,2.6470588235294117,1.3235294117647058,0.0,0.0,22.5,1.3235294117647058,0.0,0.0,0.0,2.6470588235294117,1.3235294117647058,0.0,0.0,0.0,0.0,0.0,2.6470588235294117,0.0,0.0,0.0,0.0,0.0,0.0,0.0,0.0,0.0,2.6470588235294117,0.0,0.0,0.0,0.0,2.6470588235294117,19.852941176470587,17.205882352941178,6.61764705882353,38.38235294117647,88.27941176470588,1.3235294117647058,44.0735294117647,287.20588235294116,239.55882352941177,5.294117647058823,1.3235294117647058,5.294117647058823,0.0,26.47058823529412,5.294117647058823,0.0,0.0,1.3235294117647058,1.3235294117647058,0.0,0.0,0.0,3.9705882352941178,1.3235294117647058,1.3235294117647058,66.17647058823529,1.0,1.588235294117647,1.588235294117647,1.3235294117647058,0.0,547.9411764705883
Noni Madueke,ENG,21,22.0,0,0,0,0,0,0,0,0,11.0,1.0,0,0.0,0.0,0.0,0.1,2.0,0.0,5.0,7.0,71.4,1.0,8.0,3.0,1.0,0.0,53.0,20.0,5.0,5.0,100.0,0.0,1.0,0.0,0.0,1.0,0.0,0.0,2.0,0.0,0.0,0.0,6.0,1.0,0.0,0.0,0.0,1,1.0,0.0,0.0,0.0,0.0,0.0,0.0,1,0.0,0.0,1.0,1.0,1.0,100.0,0.0,0.0,0.0,1.0,1.0,0.0,1.0,2.0,3.0,6.0,2.0,11.0,0.0,1.0,100.0,91.0,72.0,1.0,2.0,1.0,0.0,7.0,2.0,0,0,0,0,0.0,0.0,0,1.0,0.0,0.0,0.0,False,2022-2023,FW,None,None,None,0.24444444444444444,Chelsea_Manchester_City,Chelsea_Manchester_City_2022,1.2,1.2,1.0,0.0,2023-05-21,Michael Oliver,Etihad Stadium,Sun,16:00,"53,490",414,Manchester City,Chelsea,85.9090909090909,0.0,0.0,0.0,0.0,0.0,0.0,0.0,0.0,45.0,4.090909090909091,0.0,0.0,0.0,0.0,0.4090909090909091,8.181818181818182,0.0,20.454545454545457,28.636363636363637,292.0909090909091,4.090909090909091,32.72727272727273,12.272727272727273,4.090909090909091,0.0,216.8181818181818,81.81818181818183,20.454545454545457,20.454545454545457,409.0909090909091,0.0,4.090909090909091,0.0,0.0,4.090909090909091,0.0,0.0,8.181818181818182,0.0,0.0,0.0,24.545454545454547,4.090909090909091,0.0,0.0,0.0,4.090909090909091,4.090909090909091,0.0,0.0,0.0,0.0,0.0,0.0,4.090909090909091,0.0,0.0,4.090909090909091,4.090909090909091,4.090909090909091,409.0909090909091,0.0,0.0,0.0,4.090909090909091,4.090909090909091,0.0,4.090909090909091,8.181818181818182,12.272727272727273,24.545454545454547,8.181818181818182,45.0,0.0,4.090909090909091,409.0909090909091,372.2727272727273,294.54545454545456,4.090909090909091,8.181818181818182,4.090909090909091,0.0,28.636363636363637,8.181818181818182,0.0,0.0,0.0,0.0,0.0,0.0,0.0,4.090909090909091,0.0,0.0,0.0,1.0,4.909090909090909,4.909090909090909,4.090909090909091,0.0,1693.6363636363637
Kai Havertz,GER,23,84.0,0,0,0,0,3,1,1,0,33.0,1.0,0,0.0,0.2,0.2,0.3,3.0,0.0,24.0,27.0,88.9,2.0,26.0,1.0,1.0,1.0,405.0,49.0,12.0,12.0,100.0,11.0,12.0,91.7,1.0,2.0,50.0,0.0,1.0,1.0,0.0,0.0,26.0,1.0,0.0,0.0,1.0,0,0.0,0.0,0.0,0.0,0.0,0.0,0.0,1,0.0,1.0,0.0,1.0,2.0,50.0,1.0,0.0,0.0,1.0,1.0,0.0,1.0,4.0,16.0,13.0,4.0,33.0,100.0,0.0,0.0,126.0,59.0,1.0,0.0,1.0,0.0,25.0,9.0,0,3,1,1,0.0,0.0,0,4.0,2.0,1.0,66.7,False,2022-2023,FW,None,None,None,0.9333333333333333,Chelsea_Manchester_City,Chelsea_Manchester_City_2022,1.2,1.2,1.0,0.0,2023-05-21,Michael Oliver,Etihad Stadium,Sun,16:00,"53,490",414,Manchester City,Chelsea,24.642857142857142,0.0,0.0,0.0,0.0,3.2142857142857144,1.0714285714285714,1.0714285714285714,0.0,35.357142857142854,1.0714285714285714,0.0,0.0,0.2142857142857143,0.2142857142857143,0.3214285714285714,3.2142857142857144,0.0,25.714285714285715,28.928571428571427,95.25,2.142857142857143,27.857142857142858,1.0714285714285714,1.0714285714285714,1.0714285714285714,433.92857142857144,52.5,12.857142857142858,12.857142857142858,107.14285714285714,11.785714285714285,12.857142857142858,98.25,1.0714285714285714,2.142857142857143,53.57142857142857,0.0,1.0714285714285714,1.0714285714285714,0.0,0.0,27.857142857142858,1.0714285714285714,0.0,0.0,1.0714285714285714,0.0,0.0,0.0,0.0,0.0,0.0,0.0,0.0,1.0714285714285714,0.0,1.0714285714285714,0.0,1.0714285714285714,2.142857142857143,53.57142857142857,1.0714285714285714,0.0,0.0,1.0714285714285714,1.0714285714285714,0.0,1.0714285714285714,4.285714285714286,17.142857142857142,13.928571428571429,4.285714285714286,35.357142857142854,107.14285714285714,0.0,0.0,135.0,63.214285714285715,1.0714285714285714,0.0,1.0714285714285714,0.0,26.785714285714285,9.642857142857142,0.0,3.2142857142857144,1.0714285714285714,1.0714285714285714,0.0,0.0,0.0,4.285714285714286,2.142857142857143,1.0714285714285714,71.46428571428572,1.0,1.2857142857142856,1.2857142857142856,1.0714285714285714,0.0,443.57142857142856
Christian Pulisic,USA,24,6.0,0,0,0,0,0,0,0,0,4.0,0.0,0,0.0,0.0,0.0,0.0,0.0,0.0,3.0,4.0,75.0,0.0,4.0,0.0,0.0,0.0,38.0,0.0,2.0,2.0,100.0,1.0,2.0,50.0,0.0,0.0,0.0,0.0,0.0,0.0,0.0,0.0,4.0,0.0,0.0,0.0,0.0,1,0.0,0.0,0.0,0.0,0.0,0.0,0.0,0,0.0,0.0,0.0,0.0,0.0,0.0,0.0,0.0,0.0,0.0,0.0,0.0,0.0,0.0,2.0,2.0,1.0,4.0,0.0,0.0,0.0,11.0,4.0,0.0,0.0,0.0,0.0,4.0,1.0,0,0,0,0,0.0,0.0,0,0.0,0.0,0.0,0.0,False,2022-2023,FW,None,None,None,0.06666666666666667,Chelsea_Manchester_City,Chelsea_Manchester_City_2022,1.2,1.2,1.0,0.0,2023-05-21,Michael Oliver,Etihad Stadium,Sun,16:00,"53,490",414,Manchester City,Chelsea,360.0,0.0,0.0,0.0,0.0,0.0,0.0,0.0,0.0,60.0,0.0,0.0,0.0,0.0,0.0,0.0,0.0,0.0,45.0,60.0,1125.0,0.0,60.0,0.0,0.0,0.0,570.0,0.0,30.0,30.0,1500.0,15.0,30.0,750.0,0.0,0.0,0.0,0.0,0.0,0.0,0.0,0.0,60.0,0.0,0.0,0.0,0.0,15.0,0.0,0.0,0.0,0.0,0.0,0.0,0.0,0.0,0.0,0.0,0.0,0.0,0.0,0.0,0.0,0.0,0.0,0.0,0.0,0.0,0.0,0.0,30.0,30.0,15.0,60.0,0.0,0.0,0.0,165.0,60.0,0.0,0.0,0.0,0.0,60.0,15.0,0.0,0.0,0.0,0.0,0.0,0.0,0.0,0.0,0.0,0.0,0.0,1.0,18.0,18.0,15.0,0.0,6210.0
Conor Gallagher,ENG,23,68.0,0,0,0,0,2,0,0,0,22.0,3.0,0,2.0,0.3,0.3,0.0,0.0,0.0,12.0,13.0,92.3,2.0,14.0,0.0,1.0,1.0,148.0,80.0,6.0,6.0,100.0,4.0,4.0,100.0,0.0,0.0,0.0,0.0,0.0,0.0,1.0,0.0,10.0,2.0,1.0,0.0,0.0,0,1.0,0.0,0.0,0.0,0.0,1.0,0.0,2,0.0,2.0,1.0,1.0,3.0,33.3,2.0,1.0,1.0,3.0,0.0,0.0,2.0,5.0,10.0,7.0,3.0,22.0,100.0,0.0,0.0,49.0,27.0,0.0,0.0,3.0,0.0,12.0,1.0,0,1,1,0,0.0,0.0,0,3.0,0.0,0.0,0.0,False,2022-2023,AM,None,None,None,0.7555555555555555,Chelsea_Manchester_City,Chelsea_Manchester_City_2022,1.2,1.2,1.0,0.0,2023-05-21,Michael Oliver,Etihad Stadium,Sun,16:00,"53,490",414,Manchester City,Chelsea,30.441176470588236,0.0,0.0,0.0,0.0,2.6470588235294117,0.0,0.0,0.0,29.11764705882353,3.9705882352941178,0.0,2.6470588235294117,0.39705882352941174,0.39705882352941174,0.0,0.0,0.0,15.882352941176471,17.205882352941178,122.16176470588235,2.6470588235294117,18.529411764705884,0.0,1.3235294117647058,1.3235294117647058,195.88235294117646,105.88235294117648,7.9411764705882355,7.9411764705882355,132.35294117647058,5.294117647058823,5.294117647058823,132.35294117647058,0.0,0.0,0.0,0.0,0.0,0.0,1.3235294117647058,0.0,13.23529411764706,2.6470588235294117,1.3235294117647058,0.0,0.0,0.0,1.3235294117647058,0.0,0.0,0.0,0.0,1.3235294117647058,0.0,2.6470588235294117,0.0,2.6470588235294117,1.3235294117647058,1.3235294117647058,3.9705882352941178,44.0735294117647,2.6470588235294117,1.3235294117647058,1.3235294117647058,3.9705882352941178,0.0,0.0,2.6470588235294117,6.61764705882353,13.23529411764706,9.264705882352942,3.9705882352941178,29.11764705882353,132.35294117647058,0.0,0.0,64.8529411764706,35.73529411764706,0.0,0.0,3.9705882352941178,0.0,15.882352941176471,1.3235294117647058,0.0,1.3235294117647058,1.3235294117647058,0.0,0.0,0.0,0.0,3.9705882352941178,0.0,0.0,0.0,1.0,1.588235294117647,1.588235294117647,1.3235294117647058,0.0,547.9411764705883
Mykhailo Mudryk,UKR,22,22.0,0,0,0,0,2,0,0,0,7.0,0.0,0,0.0,0.1,0.1,0.1,1.0,0.0,3.0,4.0,75.0,0.0,6.0,1.0,0.0,0.0,55.0,32.0,2.0,2.0,100.0,0.0,1.0,0.0,1.0,1.0,100.0,0.1,1.0,0.0,0.0,0.0,3.0,1.0,0.0,0.0,0.0,1,0.0,1.0,0.0,1.0,0.0,0.0,0.0,0,0.0,0.0,0.0,0.0,1.0,0.0,1.0,0.0,0.0,0.0,0.0,0.0,0.0,0.0,3.0,4.0,2.0,7.0,0.0,0.0,0.0,48.0,20.0,0.0,1.0,1.0,0.0,6.0,3.0,0,0,0,0,0.0,0.0,0,0.0,0.0,0.0,0.0,False,2022-2023,AM,None,None,None,0.24444444444444444,Chelsea_Manchester_City,Chelsea_Manchester_City_2022,1.2,1.2,1.0,0.0,2023-05-21,Michael Oliver,Etihad Stadium,Sun,16:00,"53,490",414,Manchester City,Chelsea,90.0,0.0,0.0,0.0,0.0,8.181818181818182,0.0,0.0,0.0,28.636363636363637,0.0,0.0,0.0,0.4090909090909091,0.4090909090909091,0.4090909090909091,4.090909090909091,0.0,12.272727272727273,16.363636363636363,306.8181818181818,0.0,24.545454545454547,4.090909090909091,0.0,0.0,225.0,130.9090909090909,8.181818181818182,8.181818181818182,409.0909090909091,0.0,4.090909090909091,0.0,4.090909090909091,4.090909090909091,409.0909090909091,0.4090909090909091,4.090909090909091,0.0,0.0,0.0,12.272727272727273,4.090909090909091,0.0,0.0,0.0,4.090909090909091,0.0,4.090909090909091,0.0,4.090909090909091,0.0,0.0,0.0,0.0,0.0,0.0,0.0,0.0,4.090909090909091,0.0,4.090909090909091,0.0,0.0,0.0,0.0,0.0,0.0,0.0,12.272727272727273,16.363636363636363,8.181818181818182,28.636363636363637,0.0,0.0,0.0,196.36363636363637,81.81818181818183,0.0,4.090909090909091,4.090909090909091,0.0,24.545454545454547,12.272727272727273,0.0,0.0,0.0,0.0,0.0,0.0,0.0,0.0,0.0,0.0,0.0,1.0,4.909090909090909,4.909090909090909,4.090909090909091,0.0,1693.6363636363637
Ruben Loftus-Cheek,ENG,27,80.0,0,0,0,0,0,0,0,0,30.0,1.0,1,0.0,0.0,0.0,0.0,1.0,0.0,23.0,25.0,92.0,6.0,20.0,5.0,4.0,2.0,330.0,111.0,14.0,15.0,93.3,9.0,10.0,90.0,0.0,0.0,0.0,0.1,1.0,4.0,2.0,0.0,23.0,2.0,1.0,0.0,0.0,0,0.0,0.0,0.0,0.0,0.0,0.0,0.0,0,0.0,1.0,0.0,1.0,1.0,100.0,0.0,0.0,0.0,2.0,1.0,0.0,1.0,5.0,17.0,9.0,0.0,30.0,50.0,1.0,25.0,221.0,171.0,2.0,0.0,0.0,0.0,23.0,1.0,0,0,3,0,0.0,0.0,0,2.0,0.0,0.0,0.0,False,2022-2023,CM,None,None,None,0.8888888888888888,Chelsea_Manchester_City,Chelsea_Manchester_City_2022,1.2,1.2,1.0,0.0,2023-05-21,Michael Oliver,Etihad Stadium,Sun,16:00,"53,490",414,Manchester City,Chelsea,30.375,0.0,0.0,0.0,0.0,0.0,0.0,0.0,0.0,33.75,1.125,1.125,0.0,0.0,0.0,0.0,1.125,0.0,25.875,28.125,103.5,6.75,22.5,5.625,4.5,2.25,371.25,124.875,15.75,16.875,104.9625,10.125,11.25,101.25,0.0,0.0,0.0,0.11250000000000002,1.125,4.5,2.25,0.0,25.875,2.25,1.125,0.0,0.0,0.0,0.0,0.0,0.0,0.0,0.0,0.0,0.0,0.0,0.0,1.125,0.0,1.125,1.125,112.5,0.0,0.0,0.0,2.25,1.125,0.0,1.125,5.625,19.125,10.125,0.0,33.75,56.25,1.125,28.125,248.625,192.375,2.25,0.0,0.0,0.0,25.875,1.125,0.0,0.0,3.375,0.0,0.0,0.0,0.0,2.25,0.0,0.0,0.0,1.0,1.35,1.35,1.125,0.0,465.75
Carney Chukwuemeka,ENG,19,10.0,0,0,0,0,0,0,0,0,5.0,0.0,1,1.0,0.0,0.0,0.1,2.0,0.0,4.0,4.0,100.0,1.0,3.0,2.0,0.0,0.0,44.0,12.0,4.0,4.0,100.0,0.0,0.0,0.0,0.0,0.0,0.0,0.0,1.0,0.0,1.0,0.0,4.0,0.0,0.0,0.0,0.0,0,0.0,0.0,0.0,0.0,0.0,0.0,0.0,0,0.0,0.0,0.0,0.0,0.0,0.0,0.0,0.0,1.0,1.0,0.0,0.0,0.0,2.0,2.0,2.0,0.0,5.0,0.0,0.0,0.0,56.0,21.0,1.0,0.0,0.0,0.0,2.0,0.0,0,0,0,0,0.0,0.0,0,2.0,0.0,0.0,0.0,False,2022-2023,CM,None,None,None,0.1111111111111111,Chelsea_Manchester_City,Chelsea_Manchester_City_2022,1.2,1.2,1.0,0.0,2023-05-21,Michael Oliver,Etihad Stadium,Sun,16:00,"53,490",414,Manchester City,Chelsea,171.0,0.0,0.0,0.0,0.0,0.0,0.0,0.0,0.0,45.0,0.0,9.0,9.0,0.0,0.0,0.9000000000000001,18.0,0.0,36.0,36.0,900.0,9.0,27.0,18.0,0.0,0.0,396.0,108.0,36.0,36.0,900.0,0.0,0.0,0.0,0.0,0.0,0.0,0.0,9.0,0.0,9.0,0.0,36.0,0.0,0.0,0.0,0.0,0.0,0.0,0.0,0.0,0.0,0.0,0.0,0.0,0.0,0.0,0.0,0.0,0.0,0.0,0.0,0.0,0.0,9.0,9.0,0.0,0.0,0.0,18.0,18.0,18.0,0.0,45.0,0.0,0.0,0.0,504.0,189.0,9.0,0.0,0.0,0.0,18.0,0.0,0.0,0.0,0.0,0.0,0.0,0.0,0.0,18.0,0.0,0.0,0.0,1.0,10.8,10.8,9.0,0.0,3726.0
Enzo Fernandez,ARG,22,90.0,0,0,0,0,0,0,1,0,55.0,1.0,0,4.0,0.0,0.0,0.1,6.0,0.0,40.0,47.0,85.1,10.0,38.0,1.0,5.0,2.0,805.0,328.0,14.0,15.0,93.3,19.0,19.0,100.0,6.0,11.0,54.5,0.2,1.0,5.0,3.0,0.0,41.0,5.0,5.0,1.0,1.0,0,0.0,0.0,0.0,0.0,0.0,1.0,0.0,0,0.0,1.0,0.0,0.0,0.0,0.0,0.0,0.0,4.0,1.0,0.0,0.0,1.0,12.0,35.0,9.0,0.0,55.0,40.0,2.0,40.0,174.0,75.0,1.0,0.0,1.0,0.0,41.0,1.0,0,1,2,0,0.0,0.0,0,5.0,0.0,0.0,0.0,False,2022-2023,CM,None,None,None,1.0,Chelsea_Manchester_City,Chelsea_Manchester_City_2022,1.2,1.2,1.0,0.0,2023-05-21,Michael Oliver,Etihad Stadium,Sun,16:00,"53,490",414,Manchester City,Chelsea,22.0,0.0,0.0,0.0,0.0,0.0,0.0,1.0,0.0,55.0,1.0,0.0,4.0,0.0,0.0,0.1,6.0,0.0,40.0,47.0,85.1,10.0,38.0,1.0,5.0,2.0,805.0,328.0,14.0,15.0,93.3,19.0,19.0,100.0,6.0,11.0,54.5,0.2,1.0,5.0,3.0,0.0,41.0,5.0,5.0,1.0,1.0,0.0,0.0,0.0,0.0,0.0,0.0,1.0,0.0,0.0,0.0,1.0,0.0,0.0,0.0,0.0,0.0,0.0,4.0,1.0,0.0,0.0,1.0,12.0,35.0,9.0,0.0,55.0,40.0,2.0,40.0,174.0,75.0,1.0,0.0,1.0,0.0,41.0,1.0,0.0,1.0,2.0,0.0,0.0,0.0,0.0,5.0,0.0,0.0,0.0,1.0,1.2,1.2,1.0,0.0,414.0
Lewis Hall,ENG,18,80.0,0,0,0,0,2,2,0,0,43.0,5.0,0,0.0,0.1,0.1,0.3,2.0,0.0,25.0,30.0,83.3,1.0,27.0,2.0,2.0,0.0,466.0,65.0,10.0,12.0,83.3,12.0,14.0,85.7,3.0,4.0,75.0,0.2,2.0,1.0,0.0,0.0,27.0,3.0,0.0,0.0,0.0,3,2.0,1.0,1.0,0.0,0.0,0.0,0.0,4,4.0,1.0,0.0,2.0,3.0,66.7,1.0,0.0,0.0,5.0,1.0,0.0,2.0,14.0,13.0,16.0,5.0,43.0,0.0,1.0,50.0,120.0,57.0,0.0,2.0,1.0,0.0,25.0,6.0,0,0,1,0,0.0,0.0,0,4.0,0.0,0.0,0.0,False,2022-2023,WB,None,None,None,0.8888888888888888,Chelsea_Manchester_City,Chelsea_Manchester_City_2022,1.2,1.2,1.0,0.0,2023-05-21,Michael Oliver,Etihad Stadium,Sun,16:00,"53,490",414,Manchester City,Chelsea,20.25,0.0,0.0,0.0,0.0,2.25,2.25,0.0,0.0,48.375,5.625,0.0,0.0,0.11250000000000002,0.11250000000000002,0.3375,2.25,0.0,28.125,33.75,93.7125,1.125,30.375,2.25,2.25,0.0,524.25,73.125,11.25,13.5,93.7125,13.5,15.75,96.41250000000001,3.375,4.5,84.375,0.22500000000000003,2.25,1.125,0.0,0.0,30.375,3.375,0.0,0.0,0.0,3.375,2.25,1.125,1.125,0.0,0.0,0.0,0.0,4.5,4.5,1.125,0.0,2.25,3.375,75.03750000000001,1.125,0.0,0.0,5.625,1.125,0.0,2.25,15.75,14.625,18.0,5.625,48.375,0.0,1.125,56.25,135.0,64.125,0.0,2.25,1.125,0.0,28.125,6.75,0.0,0.0,1.125,0.0,0.0,0.0,0.0,4.5,0.0,0.0,0.0,1.0,1.35,1.35,1.125,0.0,465.75
Kalidou Koulibaly,SEN,31,10.0,0,0,0,0,0,0,0,0,10.0,2.0,0,1.0,0.0,0.0,0.0,0.0,0.0,5.0,6.0,83.3,0.0,6.0,0.0,0.0,0.0,82.0,39.0,3.0,3.0,100.0,2.0,3.0,66.7,0.0,0.0,0.0,0.0,0.0,0.0,0.0,0.0,6.0,0.0,0.0,0.0,0.0,0,0.0,0.0,0.0,0.0,0.0,0.0,0.0,2,2.0,0.0,0.0,1.0,1.0,100.0,0.0,1.0,0.0,2.0,1.0,0.0,2.0,5.0,5.0,0.0,0.0,10.0,0.0,0.0,0.0,23.0,6.0,0.0,0.0,0.0,0.0,6.0,0.0,0,0,0,0,0.0,0.0,0,1.0,0.0,0.0,0.0,False,2022-2023,CB,WB,None,None,0.1111111111111111,Chelsea_Manchester_City,Chelsea_Manchester_City_2022,1.2,1.2,1.0,0.0,2023-05-21,Michael Oliver,Etihad Stadium,Sun,16:00,"53,490",414,Manchester City,Chelsea,279.0,0.0,0.0,0.0,0.0,0.0,0.0,0.0,0.0,90.0,18.0,0.0,9.0,0.0,0.0,0.0,0.0,0.0,45.0,54.0,749.7,0.0,54.0,0.0,0.0,0.0,738.0,351.0,27.0,27.0,900.0,18.0,27.0,600.3000000000001,0.0,0.0,0.0,0.0,0.0,0.0,0.0,0.0,54.0,0.0,0.0,0.0,0.0,0.0,0.0,0.0,0.0,0.0,0.0,0.0,0.0,18.0,18.0,0.0,0.0,9.0,9.0,900.0,0.0,9.0,0.0,18.0,9.0,0.0,18.0,45.0,45.0,0.0,0.0,90.0,0.0,0.0,0.0,207.0,54.0,0.0,0.0,0.0,0.0,54.0,0.0,0.0,0.0,0.0,0.0,0.0,0.0,0.0,9.0,0.0,0.0,0.0,1.0,10.8,10.8,9.0,0.0,3726.0
Cesar Azpilicueta,ESP,33,90.0,0,0,0,0,0,0,0,0,41.0,2.0,0,1.0,0.0,0.0,0.0,2.0,0.0,29.0,35.0,82.9,3.0,25.0,0.0,2.0,1.0,439.0,152.0,18.0,18.0,100.0,10.0,15.0,66.7,1.0,2.0,50.0,0.0,0.0,2.0,0.0,0.0,31.0,4.0,0.0,0.0,0.0,2,4.0,0.0,0.0,0.0,0.0,0.0,0.0,1,2.0,0.0,0.0,1.0,3.0,33.3,2.0,0.0,1.0,2.0,2.0,0.0,3.0,19.0,16.0,7.0,0.0,41.0,50.0,1.0,50.0,62.0,33.0,0.0,0.0,1.0,0.0,23.0,3.0,0,3,0,0,0.0,0.0,0,6.0,0.0,1.0,0.0,False,2022-2023,WB,None,None,None,1.0,Chelsea_Manchester_City,Chelsea_Manchester_City_2022,1.2,1.2,1.0,0.0,2023-05-21,Michael Oliver,Etihad Stadium,Sun,16:00,"53,490",414,Manchester City,Chelsea,33.0,0.0,0.0,0.0,0.0,0.0,0.0,0.0,0.0,41.0,2.0,0.0,1.0,0.0,0.0,0.0,2.0,0.0,29.0,35.0,82.9,3.0,25.0,0.0,2.0,1.0,439.0,152.0,18.0,18.0,100.0,10.0,15.0,66.7,1.0,2.0,50.0,0.0,0.0,2.0,0.0,0.0,31.0,4.0,0.0,0.0,0.0,2.0,4.0,0.0,0.0,0.0,0.0,0.0,0.0,1.0,2.0,0.0,0.0,1.0,3.0,33.3,2.0,0.0,1.0,2.0,2.0,0.0,3.0,19.0,16.0,7.0,0.0,41.0,50.0,1.0,50.0,62.0,33.0,0.0,0.0,1.0,0.0,23.0,3.0,0.0,3.0,0.0,0.0,0.0,0.0,0.0,6.0,0.0,1.0,0.0,1.0,1.2,1.2,1.0,0.0,414.0
Trevoh Chalobah,ENG,23,90.0,0,0,0,0,2,1,0,0,51.0,0.0,0,1.0,0.2,0.2,0.0,0.0,0.0,39.0,43.0,90.7,0.0,35.0,0.0,1.0,1.0,761.0,187.0,15.0,17.0,88.2,16.0,17.0,94.1,7.0,8.0,87.5,0.0,0.0,0.0,0.0,0.0,41.0,2.0,1.0,0.0,0.0,0,1.0,0.0,0.0,0.0,0.0,0.0,0.0,0,0.0,0.0,0.0,0.0,0.0,0.0,0.0,0.0,1.0,0.0,3.0,0.0,5.0,28.0,19.0,6.0,2.0,51.0,100.0,0.0,0.0,86.0,31.0,0.0,0.0,0.0,1.0,36.0,0.0,0,0,0,0,0.0,0.0,0,5.0,1.0,0.0,100.0,False,2022-2023,CB,WB,None,None,1.0,Chelsea_Manchester_City,Chelsea_Manchester_City_2022,1.2,1.2,1.0,0.0,2023-05-21,Michael Oliver,Etihad Stadium,Sun,16:00,"53,490",414,Manchester City,Chelsea,23.0,0.0,0.0,0.0,0.0,2.0,1.0,0.0,0.0,51.0,0.0,0.0,1.0,0.2,0.2,0.0,0.0,0.0,39.0,43.0,90.7,0.0,35.0,0.0,1.0,1.0,761.0,187.0,15.0,17.0,88.2,16.0,17.0,94.1,7.0,8.0,87.5,0.0,0.0,0.0,0.0,0.0,41.0,2.0,1.0,0.0,0.0,0.0,1.0,0.0,0.0,0.0,0.0,0.0,0.0,0.0,0.0,0.0,0.0,0.0,0.0,0.0,0.0,0.0,1.0,0.0,3.0,0.0,5.0,28.0,19.0,6.0,2.0,51.0,100.0,0.0,0.0,86.0,31.0,0.0,0.0,0.0,1.0,36.0,0.0,0.0,0.0,0.0,0.0,0.0,0.0,0.0,5.0,1.0,0.0,100.0,1.0,1.2,1.2,1.0,0.0,414.0
Thiago Silva,BRA,38,90.0,0,0,0,0,0,0,0,0,57.0,1.0,3,2.0,0.0,0.0,0.0,0.0,0.0,46.0,48.0,95.8,2.0,38.0,0.0,0.0,0.0,894.0,456.0,15.0,15.0,100.0,28.0,29.0,96.6,3.0,4.0,75.0,0.0,0.0,2.0,0.0,0.0,46.0,2.0,2.0,0.0,0.0,0,0.0,0.0,0.0,0.0,0.0,0.0,0.0,1,1.0,0.0,0.0,1.0,1.0,100.0,0.0,2.0,0.0,4.0,3.0,0.0,22.0,43.0,14.0,0.0,0.0,57.0,0.0,0.0,0.0,158.0,91.0,0.0,0.0,0.0,0.0,42.0,0.0,0,0,0,0,0.0,0.0,0,2.0,1.0,0.0,100.0,False,2022-2023,CB,None,None,None,1.0,Chelsea_Manchester_City,Chelsea_Manchester_City_2022,1.2,1.2,1.0,0.0,2023-05-21,Michael Oliver,Etihad Stadium,Sun,16:00,"53,490",414,Manchester City,Chelsea,38.0,0.0,0.0,0.0,0.0,0.0,0.0,0.0,0.0,57.0,1.0,3.0,2.0,0.0,0.0,0.0,0.0,0.0,46.0,48.0,95.8,2.0,38.0,0.0,0.0,0.0,894.0,456.0,15.0,15.0,100.0,28.0,29.0,96.6,3.0,4.0,75.0,0.0,0.0,2.0,0.0,0.0,46.0,2.0,2.0,0.0,0.0,0.0,0.0,0.0,0.0,0.0,0.0,0.0,0.0,1.0,1.0,0.0,0.0,1.0,1.0,100.0,0.0,2.0,0.0,4.0,3.0,0.0,22.0,43.0,14.0,0.0,0.0,57.0,0.0,0.0,0.0,158.0,91.0,0.0,0.0,0.0,0.0,42.0,0.0,0.0,0.0,0.0,0.0,0.0,0.0,0.0,2.0,1.0,0.0,100.0,1.0,1.2,1.2,1.0,0.0,414.0
Wesley Fofana,FRA,22,90.0,0,0,0,0,0,0,0,0,57.0,0.0,1,2.0,0.0,0.0,0.0,1.0,0.0,43.0,51.0,84.3,1.0,41.0,0.0,0.0,0.0,770.0,238.0,17.0,19.0,89.5,22.0,25.0,88.0,3.0,6.0,50.0,0.0,0.0,1.0,0.0,0.0,49.0,2.0,2.0,0.0,0.0,0,0.0,0.0,0.0,0.0,0.0,0.0,0.0,0,0.0,0.0,0.0,0.0,0.0,0.0,0.0,2.0,0.0,1.0,1.0,1.0,9.0,35.0,19.0,3.0,0.0,57.0,0.0,0.0,0.0,181.0,63.0,2.0,0.0,0.0,0.0,43.0,0.0,0,1,2,0,0.0,0.0,0,3.0,0.0,1.0,0.0,False,2022-2023,CB,None,None,None,1.0,Chelsea_Manchester_City,Chelsea_Manchester_City_2022,1.2,1.2,1.0,0.0,2023-05-21,Michael Oliver,Etihad Stadium,Sun,16:00,"53,490",414,Manchester City,Chelsea,22.0,0.0,0.0,0.0,0.0,0.0,0.0,0.0,0.0,57.0,0.0,1.0,2.0,0.0,0.0,0.0,1.0,0.0,43.0,51.0,84.3,1.0,41.0,0.0,0.0,0.0,770.0,238.0,17.0,19.0,89.5,22.0,25.0,88.0,3.0,6.0,50.0,0.0,0.0,1.0,0.0,0.0,49.0,2.0,2.0,0.0,0.0,0.0,0.0,0.0,0.0,0.0,0.0,0.0,0.0,0.0,0.0,0.0,0.0,0.0,0.0,0.0,0.0,2.0,0.0,1.0,1.0,1.0,9.0,35.0,19.0,3.0,0.0,57.0,0.0,0.0,0.0,181.0,63.0,2.0,0.0,0.0,0.0,43.0,0.0,0.0,1.0,2.0,0.0,0.0,0.0,0.0,3.0,0.0,1.0,0.0,1.0,1.2,1.2,1.0,0.0,414.0
Kepa Arrizabalaga,ESP,28,90.0,0,0,0,0,0,0,0,0,42.0,0.0,0,0.0,0.0,0.0,0.0,0.0,0.0,32.0,42.0,76.2,0.0,31.0,0.0,0.0,0.0,643.0,306.0,13.0,13.0,100.0,13.0,13.0,100.0,6.0,16.0,37.5,0.0,0.0,0.0,0.0,0.0,33.0,9.0,1.0,0.0,0.0,0,0.0,0.0,0.0,0.0,0.0,0.0,0.0,0,0.0,0.0,0.0,0.0,0.0,0.0,0.0,0.0,0.0,0.0,0.0,0.0,40.0,42.0,0.0,0.0,0.0,42.0,0.0,0.0,0.0,129.0,45.0,0.0,0.0,0.0,0.0,28.0,0.0,0,0,0,0,0.0,0.0,0,1.0,0.0,0.0,0.0,False,2022-2023,GK,None,None,None,1.0,Chelsea_Manchester_City,Chelsea_Manchester_City_2022,1.2,1.2,1.0,0.0,2023-05-21,Michael Oliver,Etihad Stadium,Sun,16:00,"53,490",414,Manchester City,Chelsea,28.0,0.0,0.0,0.0,0.0,0.0,0.0,0.0,0.0,42.0,0.0,0.0,0.0,0.0,0.0,0.0,0.0,0.0,32.0,42.0,76.2,0.0,31.0,0.0,0.0,0.0,643.0,306.0,13.0,13.0,100.0,13.0,13.0,100.0,6.0,16.0,37.5,0.0,0.0,0.0,0.0,0.0,33.0,9.0,1.0,0.0,0.0,0.0,0.0,0.0,0.0,0.0,0.0,0.0,0.0,0.0,0.0,0.0,0.0,0.0,0.0,0.0,0.0,0.0,0.0,0.0,0.0,0.0,40.0,42.0,0.0,0.0,0.0,42.0,0.0,0.0,0.0,129.0,45.0,0.0,0.0,0.0,0.0,28.0,0.0,0.0,0.0,0.0,0.0,0.0,0.0,0.0,1.0,0.0,0.0,0.0,1.0,1.2,1.2,1.0,0.0,414.0
